observation_date,ADPMNUSNERSA_20220831,ADPMNUSNERSA_20221005,ADPMNUSNERSA_20221102,ADPMNUSNERSA_20221130,ADPMNUSNERSA_20230105,ADPMNUSNERSA_20230201,ADPMNUSNERSA_20230308,ADPMNUSNERSA_20230405,ADPMNUSNERSA_20230503,ADPMNUSNERSA_20230601,ADPMNUSNERSA_20230706,ADPMNUSNERSA_20230802,ADPMNUSNERSA_20230830,ADPMNUSNERSA_20231004,ADPMNUSNERSA_20231101,ADPMNUSNERSA_20231206,ADPMNUSNERSA_20240104,ADPMNUSNERSA_20240131,ADPMNUSNERSA_20240306,ADPMNUSNERSA_20240403,ADPMNUSNERSA_20240501,ADPMNUSNERSA_20240605,ADPMNUSNERSA_20240703,ADPMNUSNERSA_20240731,ADPMNUSNERSA_20240905,ADPMNUSNERSA_20241002,ADPMNUSNERSA_20241030,ADPMNUSNERSA_20241204,ADPMNUSNERSA_20250108,ADPMNUSNERSA_20250205,ADPMNUSNERSA_20250305,ADPMNUSNERSA_20250402,ADPMNUSNERSA_20250430,ADPMNUSNERSA_20250604,ADPMNUSNERSA_20250702,ADPMNUSNERSA_20250730
2010-01-01,97609000,97609000,97609000,97609000,97609000,104041000,104041000,104041000,104041000,104041000,104041000,104041000,104041000,104041000,104041000,104041000,104041000,104010000,104010000,104010000,104010000,104010000,104010000,104010000,104010000,104010000,104010000,104010000,104010000,106884000,106999000,106884000,106884000,106884000,106884000,106884000
2010-02-01,97340000,97340000,97340000,97340000,97340000,103998000,103998000,103998000,103998000,103998000,103998000,103998000,103998000,103998000,103998000,103998000,103998000,103965000,103965000,103965000,103965000,103965000,103965000,103965000,103965000,103965000,103965000,103965000,103965000,106401000,106450000,106401000,106401000,106401000,106401000,106401000
2010-03-01,97223000,97223000,97223000,97223000,97223000,104000000,104000000,104000000,104000000,104000000,104000000,104000000,104000000,104000000,104000000,104000000,104000000,103970000,103970000,103970000,103970000,103970000,103970000,103970000,103970000,103970000,103970000,103970000,103970000,105935000,105914000,105935000,105935000,105935000,105935000,105935000
2010-04-01,97145000,97145000,97145000,97145000,97145000,104277000,104277000,104277000,104277000,104277000,104277000,104277000,104277000,104277000,104277000,104277000,104277000,104257000,104257000,104257000,104257000,104257000,104257000,104257000,104257000,104257000,104257000,104257000,104257000,106029000,105996000,106029000,106029000,106029000,106029000,106029000
2010-05-01,97157000,97157000,97157000,97157000,97157000,104364000,104364000,104364000,104364000,104364000,104364000,104364000,104364000,104364000,104364000,104364000,104364000,104352000,104352000,104352000,104352000,104352000,104352000,104352000,104352000,104352000,104352000,104352000,104352000,106189000,106150000,106189000,106189000,106189000,106189000,106189000
2010-06-01,97039000,97039000,97039000,97039000,97039000,104420000,104420000,104420000,104420000,104420000,104420000,104420000,104420000,104420000,104420000,104420000,104420000,104374000,104374000,104374000,104374000,104374000,104374000,104374000,104374000,104374000,104374000,104374000,104374000,106258000,106221000,106258000,106258000,106258000,106258000,106258000
2010-07-01,97214000,97214000,97214000,97214000,97214000,104647000,104647000,104647000,104647000,104647000,104647000,104647000,104647000,104647000,104647000,104647000,104647000,104653000,104653000,104653000,104653000,104653000,104653000,104653000,104653000,104653000,104653000,104653000,104653000,106410000,106392000,106410000,106410000,106410000,106410000,106410000
2010-08-01,97049000,97049000,97049000,97049000,97049000,104723000,104723000,104723000,104723000,104723000,104723000,104723000,104723000,104723000,104723000,104723000,104723000,104736000,104736000,104736000,104736000,104736000,104736000,104736000,104736000,104736000,104736000,104736000,104736000,106509000,106501000,106509000,106509000,106509000,106509000,106509000
2010-09-01,96953000,96953000,96953000,96953000,96953000,104847000,104847000,104847000,104847000,104847000,104847000,104847000,104847000,104847000,104847000,104847000,104847000,104872000,104872000,104872000,104872000,104872000,104872000,104872000,104872000,104872000,104872000,104872000,104872000,106685000,106665000,106685000,106685000,106685000,106685000,106685000
2010-10-01,96870000,96870000,96870000,96870000,96870000,104878000,104878000,104878000,104878000,104878000,104878000,104878000,104878000,104878000,104878000,104878000,104878000,104911000,104911000,104911000,104911000,104911000,104911000,104911000,104911000,104911000,104911000,104911000,104911000,106814000,106782000,106814000,106814000,106814000,106814000,106814000
2010-11-01,96751000,96751000,96751000,96751000,96751000,105109000,105109000,105109000,105109000,105109000,105109000,105109000,105109000,105109000,105109000,105109000,105109000,105151000,105151000,105151000,105151000,105151000,105151000,105151000,105151000,105151000,105151000,105151000,105151000,106944000,106902000,106944000,106944000,106944000,106944000,106944000
2010-12-01,96473000,96473000,96473000,96473000,96473000,105002000,105002000,105002000,105002000,105002000,105002000,105002000,105002000,105002000,105002000,105002000,105002000,105055000,105055000,105055000,105055000,105055000,105055000,105055000,105055000,105055000,105055000,105055000,105055000,107047000,107008000,107047000,107047000,107047000,107047000,107047000
2011-01-01,96630000,96630000,96630000,96630000,96630000,105312000,105312000,105312000,105312000,105312000,105312000,105312000,105312000,105312000,105312000,105312000,105312000,105371000,105371000,105371000,105371000,105371000,105371000,105371000,105371000,105371000,105371000,105371000,105371000,107306000,107298000,107306000,107306000,107306000,107306000,107306000
2011-02-01,96762000,96762000,96762000,96762000,96762000,105540000,105540000,105540000,105540000,105540000,105540000,105540000,105540000,105540000,105540000,105540000,105540000,105540000,105540000,105540000,105540000,105540000,105540000,105540000,105540000,105540000,105540000,105540000,105540000,107582000,107567000,107582000,107582000,107582000,107582000,107582000
2011-03-01,96961000,96961000,96961000,96961000,96961000,105921000,105921000,105921000,105921000,105921000,105921000,105921000,105921000,105921000,105921000,105921000,105921000,105874000,105874000,105874000,105874000,105874000,105874000,105874000,105874000,105874000,105874000,105874000,105874000,107842000,107820000,107842000,107842000,107842000,107842000,107842000
2011-04-01,97100000,97100000,97100000,97100000,97100000,106118000,106118000,106118000,106118000,106118000,106118000,106118000,106118000,106118000,106118000,106118000,106118000,106166000,106166000,106166000,106166000,106166000,106166000,106166000,106166000,106166000,106166000,106166000,106166000,108162000,108137000,108162000,108162000,108162000,108162000,108162000
2011-05-01,97197000,97197000,97197000,97197000,97197000,106342000,106342000,106342000,106342000,106342000,106342000,106342000,106342000,106342000,106342000,106342000,106342000,106374000,106374000,106374000,106374000,106374000,106374000,106374000,106374000,106374000,106374000,106374000,106374000,108326000,108302000,108326000,108326000,108326000,108326000,108326000
2011-06-01,97372000,97372000,97372000,97372000,97372000,106685000,106685000,106685000,106685000,106685000,106685000,106685000,106685000,106685000,106685000,106685000,106685000,106693000,106693000,106693000,106693000,106693000,106693000,106693000,106693000,106693000,106693000,106693000,106693000,108516000,108507000,108516000,108516000,108516000,108516000,108516000
2011-07-01,97495000,97495000,97495000,97495000,97495000,106929000,106929000,106929000,106929000,106929000,106929000,106929000,106929000,106929000,106929000,106929000,106929000,106922000,106922000,106922000,106922000,106922000,106922000,106922000,106922000,106922000,106922000,106922000,106922000,108736000,108747000,108736000,108736000,108736000,108736000,108736000
2011-08-01,97566000,97566000,97566000,97566000,97566000,107133000,107133000,107133000,107133000,107133000,107133000,107133000,107133000,107133000,107133000,107133000,107133000,107107000,107107000,107107000,107107000,107107000,107107000,107107000,107107000,107107000,107107000,107107000,107107000,108947000,108974000,108947000,108947000,108947000,108947000,108947000
2011-09-01,97751000,97751000,97751000,97751000,97751000,107383000,107383000,107383000,107383000,107383000,107383000,107383000,107383000,107383000,107383000,107383000,107383000,107337000,107337000,107337000,107337000,107337000,107337000,107337000,107337000,107337000,107337000,107337000,107337000,109224000,109244000,109224000,109224000,109224000,109224000,109224000
2011-10-01,97888000,97888000,97888000,97888000,97888000,107584000,107584000,107584000,107584000,107584000,107584000,107584000,107584000,107584000,107584000,107584000,107584000,107524000,107524000,107524000,107524000,107524000,107524000,107524000,107524000,107524000,107524000,107524000,107524000,109351000,109364000,109351000,109351000,109351000,109351000,109351000
2011-11-01,98089000,98089000,98089000,98089000,98089000,107839000,107839000,107839000,107839000,107839000,107839000,107839000,107839000,107839000,107839000,107839000,107839000,107709000,107709000,107709000,107709000,107709000,107709000,107709000,107709000,107709000,107709000,107709000,107709000,109539000,109536000,109539000,109539000,109539000,109539000,109539000
2011-12-01,97905000,97905000,97905000,97905000,97905000,107916000,107916000,107916000,107916000,107916000,107916000,107916000,107916000,107916000,107916000,107916000,107916000,107814000,107814000,107814000,107814000,107814000,107814000,107814000,107814000,107814000,107814000,107814000,107814000,109665000,109660000,109665000,109665000,109665000,109665000,109665000
2012-01-01,98483000,98483000,98483000,98483000,98483000,108132000,108132000,108132000,108132000,108132000,108132000,108132000,108132000,108132000,108132000,108132000,108132000,108015000,108015000,108015000,108015000,108015000,108015000,108015000,108015000,108015000,108015000,108015000,108015000,109982000,109968000,109982000,109982000,109982000,109982000,109982000
2012-02-01,98659000,98659000,98659000,98659000,98659000,108425000,108425000,108425000,108425000,108425000,108425000,108425000,108425000,108425000,108425000,108425000,108425000,108286000,108286000,108286000,108286000,108286000,108286000,108286000,108286000,108286000,108286000,108286000,108286000,110298000,110277000,110298000,110298000,110298000,110298000,110298000
2012-03-01,98571000,98571000,98571000,98571000,98571000,108665000,108665000,108665000,108665000,108665000,108665000,108665000,108665000,108665000,108665000,108665000,108665000,108569000,108569000,108569000,108569000,108569000,108569000,108569000,108569000,108569000,108569000,108569000,108569000,110533000,110512000,110533000,110533000,110533000,110533000,110533000
2012-04-01,98973000,98973000,98973000,98973000,98973000,108928000,108928000,108928000,108928000,108928000,108928000,108928000,108928000,108928000,108928000,108928000,108928000,108824000,108824000,108824000,108824000,108824000,108824000,108824000,108824000,108824000,108824000,108824000,108824000,110768000,110748000,110768000,110768000,110768000,110768000,110768000
2012-05-01,99011000,99011000,99011000,99011000,99011000,109212000,109212000,109212000,109212000,109212000,109212000,109212000,109212000,109212000,109212000,109212000,109212000,109041000,109041000,109041000,109041000,109041000,109041000,109041000,109041000,109041000,109041000,109041000,109041000,110874000,110855000,110874000,110874000,110874000,110874000,110874000
2012-06-01,99257000,99257000,99257000,99257000,99257000,109336000,109336000,109336000,109336000,109336000,109336000,109336000,109336000,109336000,109336000,109336000,109336000,109217000,109217000,109217000,109217000,109217000,109217000,109217000,109217000,109217000,109217000,109217000,109217000,111085000,111079000,111085000,111085000,111085000,111085000,111085000
2012-07-01,99379000,99379000,99379000,99379000,99379000,109318000,109318000,109318000,109318000,109318000,109318000,109318000,109318000,109318000,109318000,109318000,109318000,109193000,109193000,109193000,109193000,109193000,109193000,109193000,109193000,109193000,109193000,109193000,109193000,111101000,111110000,111101000,111101000,111101000,111101000,111101000
2012-08-01,99569000,99569000,99569000,99569000,99569000,109584000,109584000,109584000,109584000,109584000,109584000,109584000,109584000,109584000,109584000,109584000,109584000,109450000,109450000,109450000,109450000,109450000,109450000,109450000,109450000,109450000,109450000,109450000,109450000,111223000,111245000,111223000,111223000,111223000,111223000,111223000
2012-09-01,99807000,99807000,99807000,99807000,99807000,109801000,109801000,109801000,109801000,109801000,109801000,109801000,109801000,109801000,109801000,109801000,109801000,109660000,109660000,109660000,109660000,109660000,109660000,109660000,109660000,109660000,109660000,109660000,109660000,111377000,111402000,111377000,111377000,111377000,111377000,111377000
2012-10-01,100043000,100043000,100043000,100043000,100043000,109974000,109974000,109974000,109974000,109974000,109974000,109974000,109974000,109974000,109974000,109974000,109974000,109826000,109826000,109826000,109826000,109826000,109826000,109826000,109826000,109826000,109826000,109826000,109826000,111681000,111707000,111681000,111681000,111681000,111681000,111681000
2012-11-01,100148000,100148000,100148000,100148000,100148000,110186000,110186000,110186000,110186000,110186000,110186000,110186000,110186000,110186000,110186000,110186000,110186000,110028000,110028000,110028000,110028000,110028000,110028000,110028000,110028000,110028000,110028000,110028000,110028000,111979000,111974000,111979000,111979000,111979000,111979000,111979000
2012-12-01,100357000,100357000,100357000,100357000,100357000,110161000,110161000,110161000,110161000,110161000,110161000,110161000,110161000,110161000,110161000,110161000,110161000,109997000,109997000,109997000,109997000,109997000,109997000,109997000,109997000,109997000,109997000,109997000,109997000,111848000,111842000,111848000,111848000,111848000,111848000,111848000
2013-01-01,100303000,100303000,100303000,100303000,100303000,110509000,110509000,110509000,110509000,110509000,110509000,110509000,110509000,110509000,110509000,110509000,110509000,110228000,110228000,110228000,110228000,110228000,110228000,110228000,110228000,110228000,110228000,110228000,110228000,112307000,112287000,112307000,112307000,112307000,112307000,112307000
2013-02-01,100489000,100489000,100489000,100489000,100489000,110657000,110657000,110657000,110657000,110657000,110657000,110657000,110657000,110657000,110657000,110657000,110657000,110478000,110478000,110478000,110478000,110478000,110478000,110478000,110478000,110478000,110478000,110478000,110478000,112487000,112465000,112487000,112487000,112487000,112487000,112487000
2013-03-01,100700000,100700000,100700000,100700000,100700000,110948000,110948000,110948000,110948000,110948000,110948000,110948000,110948000,110948000,110948000,110948000,110948000,110689000,110689000,110689000,110689000,110689000,110689000,110689000,110689000,110689000,110689000,110689000,110689000,112653000,112632000,112653000,112653000,112653000,112653000,112653000
2013-04-01,100744000,100744000,100744000,100744000,100744000,111101000,111101000,111101000,111101000,111101000,111101000,111101000,111101000,111101000,111101000,111101000,111101000,110833000,110833000,110833000,110833000,110833000,110833000,110833000,110833000,110833000,110833000,110833000,110833000,112696000,112683000,112696000,112696000,112696000,112696000,112696000
2013-05-01,101112000,101112000,101112000,101112000,101112000,111367000,111367000,111367000,111367000,111367000,111367000,111367000,111367000,111367000,111367000,111367000,111367000,111088000,111088000,111088000,111088000,111088000,111088000,111088000,111088000,111088000,111088000,111088000,111088000,112884000,112876000,112884000,112884000,112884000,112884000,112884000
2013-06-01,101210000,101210000,101210000,101210000,101210000,111582000,111582000,111582000,111582000,111582000,111582000,111582000,111582000,111582000,111582000,111582000,111582000,111293000,111293000,111293000,111293000,111293000,111293000,111293000,111293000,111293000,111293000,111293000,111293000,112937000,112936000,112937000,112937000,112937000,112937000,112937000
2013-07-01,101456000,101456000,101456000,101456000,101456000,111761000,111761000,111761000,111761000,111761000,111761000,111761000,111761000,111761000,111761000,111761000,111761000,111464000,111464000,111464000,111464000,111464000,111464000,111464000,111464000,111464000,111464000,111464000,111464000,113112000,113113000,113112000,113112000,113112000,113112000,113112000
2013-08-01,101745000,101745000,101745000,101745000,101745000,112048000,112048000,112048000,112048000,112048000,112048000,112048000,112048000,112048000,112048000,112048000,112048000,111738000,111738000,111738000,111738000,111738000,111738000,111738000,111738000,111738000,111738000,111738000,111738000,113361000,113373000,113361000,113361000,113361000,113361000,113361000
2013-09-01,101876000,101876000,101876000,101876000,101876000,112043000,112043000,112043000,112043000,112043000,112043000,112043000,112043000,112043000,112043000,112043000,112043000,111724000,111724000,111724000,111724000,111724000,111724000,111724000,111724000,111724000,111724000,111724000,111724000,113535000,113549000,113535000,113535000,113535000,113535000,113535000
2013-10-01,102009000,102009000,102009000,102009000,102009000,112180000,112180000,112180000,112180000,112180000,112180000,112180000,112180000,112180000,112180000,112180000,112180000,111852000,111852000,111852000,111852000,111852000,111852000,111852000,111852000,111852000,111852000,111852000,111852000,113625000,113642000,113625000,113625000,113625000,113625000,113625000
2013-11-01,102323000,102323000,102323000,102323000,102323000,112496000,112496000,112496000,112496000,112496000,112496000,112496000,112496000,112496000,112496000,112496000,112496000,112159000,112159000,112159000,112159000,112159000,112159000,112159000,112159000,112159000,112159000,112159000,112159000,113847000,113839000,113847000,113847000,113847000,113847000,113847000
2013-12-01,102524000,102524000,102524000,102524000,102524000,112752000,112752000,112752000,112752000,112752000,112752000,112752000,112752000,112752000,112752000,112752000,112752000,112405000,112405000,112405000,112405000,112405000,112405000,112405000,112405000,112405000,112405000,112405000,112405000,114427000,114409000,114427000,114427000,114427000,114427000,114427000
2014-01-01,102819000,102819000,102819000,102819000,102819000,112901000,112901000,112901000,112901000,112901000,112901000,112901000,112901000,112901000,112901000,112901000,112901000,112544000,112544000,112544000,112544000,112544000,112544000,112544000,112544000,112544000,112544000,112544000,112544000,114499000,114469000,114499000,114499000,114499000,114499000,114499000
2014-02-01,103242000,103242000,103242000,103242000,103242000,113159000,113159000,113159000,113159000,113159000,113159000,113159000,113159000,113159000,113159000,113159000,113159000,112795000,112795000,112795000,112795000,112795000,112795000,112795000,112795000,112795000,112795000,112795000,112795000,114719000,114694000,114719000,114719000,114719000,114719000,114719000
2014-03-01,103296000,103296000,103296000,103296000,103296000,113356000,113356000,113356000,113356000,113356000,113356000,113356000,113356000,113356000,113356000,113356000,113356000,112944000,112944000,112944000,112944000,112944000,112944000,112944000,112944000,112944000,112944000,112944000,112944000,114908000,114887000,114908000,114908000,114908000,114908000,114908000
2014-04-01,103801000,103801000,103801000,103801000,103801000,113771000,113771000,113771000,113771000,113771000,113771000,113771000,113771000,113771000,113771000,113771000,113771000,113323000,113323000,113323000,113323000,113323000,113323000,113323000,113323000,113323000,113323000,113323000,113323000,115181000,115169000,115181000,115181000,115181000,115181000,115181000
2014-05-01,104238000,104238000,104238000,104238000,104238000,114059000,114059000,114059000,114059000,114059000,114059000,114059000,114059000,114059000,114059000,114059000,114059000,113659000,113659000,113659000,113659000,113659000,113659000,113659000,113659000,113659000,113659000,113659000,113659000,115450000,115448000,115450000,115450000,115450000,115450000,115450000
2014-06-01,104450000,104450000,104450000,104450000,104450000,114364000,114364000,114364000,114364000,114364000,114364000,114364000,114364000,114364000,114364000,114364000,114364000,113974000,113974000,113974000,113974000,113974000,113974000,113974000,113974000,113974000,113974000,113974000,113974000,115736000,115735000,115736000,115736000,115736000,115736000,115736000
2014-07-01,104764000,104764000,104764000,104764000,104764000,114716000,114716000,114716000,114716000,114716000,114716000,114716000,114716000,114716000,114716000,114716000,114716000,114253000,114253000,114253000,114253000,114253000,114253000,114253000,114253000,114253000,114253000,114253000,114253000,115982000,115975000,115982000,115982000,115982000,115982000,115982000
2014-08-01,105097000,105097000,105097000,105097000,105097000,114897000,114897000,114897000,114897000,114897000,114897000,114897000,114897000,114897000,114897000,114897000,114897000,114522000,114522000,114522000,114522000,114522000,114522000,114522000,114522000,114522000,114522000,114522000,114522000,116274000,116277000,116274000,116274000,116274000,116274000,116274000
2014-09-01,105375000,105375000,105375000,105375000,105375000,115067000,115067000,115067000,115067000,115067000,115067000,115067000,115067000,115067000,115067000,115067000,115067000,114700000,114700000,114700000,114700000,114700000,114700000,114700000,114700000,114700000,114700000,114700000,114700000,116419000,116416000,116419000,116419000,116419000,116419000,116419000
2014-10-01,105742000,105742000,105742000,105742000,105742000,115457000,115457000,115457000,115457000,115457000,115457000,115457000,115457000,115457000,115457000,115457000,115457000,115095000,115095000,115095000,115095000,115095000,115095000,115095000,115095000,115095000,115095000,115095000,115095000,116721000,116715000,116721000,116721000,116721000,116721000,116721000
2014-11-01,106050000,106050000,106050000,106050000,106050000,115654000,115654000,115654000,115654000,115654000,115654000,115654000,115654000,115654000,115654000,115654000,115654000,115300000,115300000,115300000,115300000,115300000,115300000,115300000,115300000,115300000,115300000,115300000,115300000,116952000,116935000,116952000,116952000,116952000,116952000,116952000
2014-12-01,106371000,106371000,106371000,106371000,106371000,115914000,115914000,115914000,115914000,115914000,115914000,115914000,115914000,115914000,115914000,115914000,115914000,115565000,115565000,115565000,115565000,115565000,115565000,115565000,115565000,115565000,115565000,115565000,115565000,117219000,117183000,117219000,117219000,117219000,117219000,117219000
2015-01-01,106852000,106852000,106852000,106852000,106852000,116001000,116001000,116001000,116001000,116001000,116001000,116001000,116001000,116001000,116001000,116001000,116001000,115661000,115661000,115661000,115661000,115661000,115661000,115661000,115661000,115661000,115661000,115661000,115661000,117345000,117302000,117345000,117345000,117345000,117345000,117345000
2015-02-01,107045000,107045000,107045000,107045000,107045000,116055000,116055000,116055000,116055000,116055000,116055000,116055000,116055000,116055000,116055000,116055000,116055000,115721000,115721000,115721000,115721000,115721000,115721000,115721000,115721000,115721000,115721000,115721000,115721000,117471000,117440000,117471000,117471000,117471000,117471000,117471000
2015-03-01,107229000,107229000,107229000,107229000,107229000,116008000,116008000,116008000,116008000,116008000,116008000,116008000,116008000,116008000,116008000,116008000,116008000,115643000,115643000,115643000,115643000,115643000,115643000,115643000,115643000,115643000,115643000,115643000,115643000,117609000,117587000,117609000,117609000,117609000,117609000,117609000
2015-04-01,107541000,107541000,107541000,107541000,107541000,116376000,116376000,116376000,116376000,116376000,116376000,116376000,116376000,116376000,116376000,116376000,116376000,115985000,115985000,115985000,115985000,115985000,115985000,115985000,115985000,115985000,115985000,115985000,115985000,117873000,117864000,117873000,117873000,117873000,117873000,117873000
2015-05-01,107739000,107739000,107739000,107739000,107739000,116769000,116769000,116769000,116769000,116769000,116769000,116769000,116769000,116769000,116769000,116769000,116769000,116356000,116356000,116356000,116356000,116356000,116356000,116356000,116356000,116356000,116356000,116356000,116356000,118183000,118181000,118183000,118183000,118183000,118183000,118183000
2015-06-01,107930000,107930000,107930000,107930000,107930000,117054000,117054000,117054000,117054000,117054000,117054000,117054000,117054000,117054000,117054000,117054000,117054000,116618000,116618000,116618000,116618000,116618000,116618000,116618000,116618000,116618000,116618000,116618000,116618000,118328000,118320000,118328000,118328000,118328000,118328000,118328000
2015-07-01,108230000,108230000,108230000,108230000,108230000,117362000,117362000,117362000,117362000,117362000,117362000,117362000,117362000,117362000,117362000,117362000,117362000,116898000,116898000,116898000,116898000,116898000,116898000,116898000,116898000,116898000,116898000,116898000,116898000,118573000,118557000,118573000,118573000,118573000,118573000,118573000
2015-08-01,108387000,108387000,108387000,108387000,108387000,117532000,117532000,117532000,117532000,117532000,117532000,117532000,117532000,117532000,117532000,117532000,117532000,117047000,117047000,117047000,117047000,117047000,117047000,117047000,117047000,117047000,117047000,117047000,117047000,118716000,118709000,118716000,118716000,118716000,118716000,118716000
2015-09-01,108639000,108639000,108639000,108639000,108639000,117842000,117842000,117842000,117842000,117842000,117842000,117842000,117842000,117842000,117842000,117842000,117842000,117286000,117286000,117286000,117286000,117286000,117286000,117286000,117286000,117286000,117286000,117286000,117286000,119022000,118997000,119022000,119022000,119022000,119022000,119022000
2015-10-01,108915000,108915000,108915000,108915000,108915000,118090000,118090000,118090000,118090000,118090000,118090000,118090000,118090000,118090000,118090000,118090000,118090000,117558000,117558000,117558000,117558000,117558000,117558000,117558000,117558000,117558000,117558000,117558000,117558000,119251000,119222000,119251000,119251000,119251000,119251000,119251000
2015-11-01,109078000,109078000,109078000,109078000,109078000,118199000,118199000,118199000,118199000,118199000,118199000,118199000,118199000,118199000,118199000,118199000,118199000,117647000,117647000,117647000,117647000,117647000,117647000,117647000,117647000,117647000,117647000,117647000,117647000,119353000,119321000,119353000,119353000,119353000,119353000,119353000
2015-12-01,109242000,109242000,109242000,109242000,109242000,118305000,118305000,118305000,118305000,118305000,118305000,118305000,118305000,118305000,118305000,118305000,118305000,117711000,117711000,117711000,117711000,117711000,117711000,117711000,117711000,117711000,117711000,117711000,117711000,119499000,119451000,119499000,119499000,119499000,119499000,119499000
2016-01-01,109391000,109391000,109391000,109391000,109391000,118438000,118438000,118438000,118438000,118438000,118438000,118438000,118438000,118438000,118438000,118438000,118438000,117839000,117839000,117839000,117839000,117839000,117839000,117839000,117839000,117839000,117839000,117839000,117839000,119718000,119670000,119718000,119718000,119718000,119718000,119718000
2016-02-01,109533000,109533000,109533000,109533000,109533000,118573000,118573000,118573000,118573000,118573000,118573000,118573000,118573000,118573000,118573000,118573000,118573000,117954000,117954000,117954000,117954000,117954000,117954000,117954000,117954000,117954000,117954000,117954000,117954000,119968000,119934000,119968000,119968000,119968000,119968000,119968000
2016-03-01,109806000,109806000,109806000,109806000,109806000,118864000,118864000,118864000,118864000,118864000,118864000,118864000,118864000,118864000,118864000,118864000,118864000,118161000,118161000,118161000,118161000,118161000,118161000,118161000,118161000,118161000,118161000,118161000,118161000,120126000,120105000,120126000,120126000,120126000,120126000,120126000
2016-04-01,109957000,109957000,109957000,109957000,109957000,118974000,118974000,118974000,118974000,118974000,118974000,118974000,118974000,118974000,118974000,118974000,118974000,118315000,118315000,118315000,118315000,118315000,118315000,118315000,118315000,118315000,118315000,118315000,118315000,120372000,120367000,120372000,120372000,120372000,120372000,120372000
2016-05-01,110115000,110115000,110115000,110115000,110115000,119045000,119045000,119045000,119045000,119045000,119045000,119045000,119045000,119045000,119045000,119045000,119045000,118382000,118382000,118382000,118382000,118382000,118382000,118382000,118382000,118382000,118382000,118382000,118382000,120421000,120422000,120421000,120421000,120421000,120421000,120421000
2016-06-01,110368000,110368000,110368000,110368000,110368000,119328000,119328000,119328000,119328000,119328000,119328000,119328000,119328000,119328000,119328000,119328000,119328000,118656000,118656000,118656000,118656000,118656000,118656000,118656000,118656000,118656000,118656000,118656000,118656000,120685000,120674000,120685000,120685000,120685000,120685000,120685000
2016-07-01,110510000,110510000,110510000,110510000,110510000,119570000,119570000,119570000,119570000,119570000,119570000,119570000,119570000,119570000,119570000,119570000,119570000,118890000,118890000,118890000,118890000,118890000,118890000,118890000,118890000,118890000,118890000,118890000,118890000,120896000,120876000,120896000,120896000,120896000,120896000,120896000
2016-08-01,110737000,110737000,110737000,110737000,110737000,119789000,119789000,119789000,119789000,119789000,119789000,119789000,119789000,119789000,119789000,119789000,119789000,119105000,119105000,119105000,119105000,119105000,119105000,119105000,119105000,119105000,119105000,119105000,119105000,121019000,121008000,121019000,121019000,121019000,121019000,121019000
2016-09-01,111009000,111009000,111009000,111009000,111009000,120060000,120060000,120060000,120060000,120060000,120060000,120060000,120060000,120060000,120060000,120060000,120060000,119366000,119366000,119366000,119366000,119366000,119366000,119366000,119366000,119366000,119366000,119366000,119366000,121199000,121169000,121199000,121199000,121199000,121199000,121199000
2016-10-01,111167000,111167000,111167000,111167000,111167000,120252000,120252000,120252000,120252000,120252000,120252000,120252000,120252000,120252000,120252000,120252000,120252000,119553000,119553000,119553000,119553000,119553000,119553000,119553000,119553000,119553000,119553000,119553000,119553000,121356000,121320000,121356000,121356000,121356000,121356000,121356000
2016-11-01,111404000,111404000,111404000,111404000,111404000,120534000,120534000,120534000,120534000,120534000,120534000,120534000,120534000,120534000,120534000,120534000,120534000,119770000,119770000,119770000,119770000,119770000,119770000,119770000,119770000,119770000,119770000,119770000,119770000,121571000,121525000,121571000,121571000,121571000,121571000,121571000
2016-12-01,111658000,111658000,111658000,111658000,111658000,120572000,120572000,120572000,120572000,120572000,120572000,120572000,120572000,120572000,120572000,120572000,120572000,119858000,119858000,119858000,119858000,119858000,119858000,119858000,119858000,119858000,119858000,119858000,119858000,121677000,121619000,121677000,121677000,121677000,121677000,121677000
2017-01-01,111670000,111670000,111670000,111670000,111670000,120522000,120522000,120522000,120522000,120522000,120522000,120522000,120522000,120522000,120522000,120522000,120522000,119807000,119807000,119807000,119807000,119807000,119807000,119807000,119807000,119807000,119807000,119807000,119807000,121905000,121854000,121905000,121905000,121905000,121905000,121905000
2017-02-01,111856000,111856000,111856000,111856000,111856000,120674000,120674000,120674000,120674000,120674000,120674000,120674000,120674000,120674000,120674000,120674000,120674000,119953000,119953000,119953000,119953000,119953000,119953000,119953000,119953000,119953000,119953000,119953000,119953000,121991000,121959000,121991000,121991000,121991000,121991000,121991000
2017-03-01,112020000,112020000,112020000,112020000,112020000,120853000,120853000,120853000,120853000,120853000,120853000,120853000,120853000,120853000,120853000,120853000,120853000,120172000,120172000,120172000,120172000,120172000,120172000,120172000,120172000,120172000,120172000,120172000,120172000,122097000,122078000,122097000,122097000,122097000,122097000,122097000
2017-04-01,112264000,112264000,112264000,112264000,112264000,121157000,121157000,121157000,121157000,121157000,121157000,121157000,121157000,121157000,121157000,121157000,121157000,120484000,120484000,120484000,120484000,120484000,120484000,120484000,120484000,120484000,120484000,120484000,120484000,122244000,122239000,122244000,122244000,122244000,122244000,122244000
2017-05-01,112494000,112494000,112494000,112494000,112494000,121321000,121321000,121321000,121321000,121321000,121321000,121321000,121321000,121321000,121321000,121321000,121321000,120656000,120656000,120656000,120656000,120656000,120656000,120656000,120656000,120656000,120656000,120656000,120656000,122485000,122493000,122485000,122485000,122485000,122485000,122485000
2017-06-01,112764000,112764000,112764000,112764000,112764000,121706000,121706000,121706000,121706000,121706000,121706000,121706000,121706000,121706000,121706000,121706000,121706000,121054000,121054000,121054000,121054000,121054000,121054000,121054000,121054000,121054000,121054000,121054000,121054000,122674000,122673000,122674000,122674000,122674000,122674000,122674000
2017-07-01,113002000,113002000,113002000,113002000,113002000,121923000,121923000,121923000,121923000,121923000,121923000,121923000,121923000,121923000,121923000,121923000,121923000,121278000,121278000,121278000,121278000,121278000,121278000,121278000,121278000,121278000,121278000,121278000,121278000,122839000,122834000,122839000,122839000,122839000,122839000,122839000
2017-08-01,113263000,113263000,113263000,113263000,113263000,122098000,122098000,122098000,122098000,122098000,122098000,122098000,122098000,122098000,122098000,122098000,122098000,121436000,121436000,121436000,121436000,121436000,121436000,121436000,121436000,121436000,121436000,121436000,121436000,123004000,123001000,123004000,123004000,123004000,123004000,123004000
2017-09-01,113492000,113492000,113492000,113492000,113492000,122261000,122261000,122261000,122261000,122261000,122261000,122261000,122261000,122261000,122261000,122261000,122261000,121641000,121641000,121641000,121641000,121641000,121641000,121641000,121641000,121641000,121641000,121641000,121641000,123250000,123236000,123250000,123250000,123250000,123250000,123250000
2017-10-01,113663000,113663000,113663000,113663000,113663000,122409000,122409000,122409000,122409000,122409000,122409000,122409000,122409000,122409000,122409000,122409000,122409000,121798000,121798000,121798000,121798000,121798000,121798000,121798000,121798000,121798000,121798000,121798000,121798000,123359000,123333000,123359000,123359000,123359000,123359000,123359000
2017-11-01,113847000,113847000,113847000,113847000,113847000,122645000,122645000,122645000,122645000,122645000,122645000,122645000,122645000,122645000,122645000,122645000,122645000,122047000,122047000,122047000,122047000,122047000,122047000,122047000,122047000,122047000,122047000,122047000,122047000,123569000,123528000,123569000,123569000,123569000,123569000,123569000
2017-12-01,114068000,114068000,114068000,114068000,114068000,122703000,122703000,122703000,122703000,122703000,122703000,122703000,122703000,122703000,122703000,122703000,122703000,122117000,122117000,122117000,122117000,122117000,122117000,122117000,122117000,122117000,122117000,122117000,122117000,123783000,123727000,123783000,123783000,123783000,123783000,123783000
2018-01-01,114401000,114401000,114401000,114401000,114401000,122654000,122654000,122654000,122654000,122654000,122654000,122654000,122654000,122654000,122654000,122654000,122654000,122080000,122080000,122080000,122080000,122080000,122080000,122080000,122080000,122080000,122080000,122080000,122080000,124027000,123979000,124027000,124027000,124027000,124027000,124027000
2018-02-01,114764000,114764000,114764000,114764000,114764000,122936000,122936000,122936000,122936000,122936000,122936000,122936000,122936000,122936000,122936000,122936000,122936000,122376000,122376000,122376000,122376000,122376000,122376000,122376000,122376000,122376000,122376000,122376000,122376000,124253000,124224000,124253000,124253000,124253000,124253000,124253000
2018-03-01,115043000,115043000,115043000,115043000,115043000,123030000,123030000,123030000,123030000,123030000,123030000,123030000,123030000,123030000,123030000,123030000,123030000,122478000,122478000,122478000,122478000,122478000,122478000,122478000,122478000,122478000,122478000,122478000,122478000,124444000,124423000,124444000,124444000,124444000,124444000,124444000
2018-04-01,115195000,115195000,115195000,115195000,115195000,123027000,123027000,123027000,123027000,123027000,123027000,123027000,123027000,123027000,123027000,123027000,123027000,122518000,122518000,122518000,122518000,122518000,122518000,122518000,122518000,122518000,122518000,122518000,122518000,124526000,124526000,124526000,124526000,124526000,124526000,124526000
2018-05-01,115474000,115474000,115474000,115474000,115474000,123344000,123344000,123344000,123344000,123344000,123344000,123344000,123344000,123344000,123344000,123344000,123344000,122820000,122820000,122820000,122820000,122820000,122820000,122820000,122820000,122820000,122820000,122820000,122820000,124636000,124635000,124636000,124636000,124636000,124636000,124636000
2018-06-01,115831000,115831000,115831000,115831000,115831000,123640000,123640000,123640000,123640000,123640000,123640000,123640000,123640000,123640000,123640000,123640000,123640000,123227000,123227000,123227000,123227000,123227000,123227000,123227000,123227000,123227000,123227000,123227000,123227000,124843000,124846000,124843000,124843000,124843000,124843000,124843000
2018-07-01,116113000,116113000,116113000,116113000,116113000,123790000,123790000,123790000,123790000,123790000,123790000,123790000,123790000,123790000,123790000,123790000,123790000,123420000,123420000,123420000,123420000,123420000,123420000,123420000,123420000,123420000,123420000,123420000,123420000,125014000,125032000,125014000,125014000,125014000,125014000,125014000
2018-08-01,116332000,116332000,116332000,116332000,116332000,123927000,123927000,123927000,123927000,123927000,123927000,123927000,123927000,123927000,123927000,123927000,123927000,123610000,123610000,123610000,123610000,123610000,123610000,123610000,123610000,123610000,123610000,123610000,123610000,125258000,125273000,125258000,125258000,125258000,125258000,125258000
2018-09-01,116508000,116508000,116508000,116508000,116508000,123976000,123976000,123976000,123976000,123976000,123976000,123976000,123976000,123976000,123976000,123976000,123976000,123702000,123702000,123702000,123702000,123702000,123702000,123702000,123702000,123702000,123702000,123702000,123702000,125336000,125372000,125336000,125336000,125336000,125336000,125336000
2018-10-01,116743000,116743000,116743000,116743000,116743000,124225000,124225000,124225000,124225000,124225000,124225000,124225000,124225000,124225000,124225000,124225000,124225000,123993000,123993000,123993000,123993000,123993000,123993000,123993000,123993000,123993000,123993000,123993000,123993000,125591000,125597000,125591000,125591000,125591000,125591000,125591000
2018-11-01,116904000,116904000,116904000,116904000,116904000,124341000,124341000,124341000,124341000,124341000,124341000,124341000,124341000,124341000,124341000,124341000,124341000,124165000,124165000,124165000,124165000,124165000,124165000,124165000,124165000,124165000,124165000,124165000,124165000,125786000,125783000,125786000,125786000,125786000,125786000,125786000
2018-12-01,117162000,117162000,117162000,117162000,117162000,124395000,124395000,124395000,124395000,124395000,124395000,124395000,124395000,124395000,124395000,124395000,124395000,124264000,124264000,124264000,124264000,124264000,124264000,124264000,124264000,124264000,124264000,124264000,124264000,125808000,125752000,125808000,125808000,125808000,125808000,125808000
2019-01-01,117559000,117559000,117559000,117559000,117559000,124450000,124450000,124450000,124450000,124450000,124450000,124450000,124450000,124450000,124450000,124450000,124450000,124323000,124323000,124323000,124323000,124323000,124323000,124323000,124323000,124323000,124323000,124323000,124323000,126217000,126181000,126217000,126217000,126217000,126217000,126217000
2019-02-01,117750000,117750000,117750000,117750000,117750000,124382000,124382000,124382000,124382000,124382000,124382000,124382000,124382000,124382000,124382000,124382000,124382000,124351000,124351000,124351000,124351000,124351000,124351000,124351000,124351000,124351000,124351000,124351000,124351000,126376000,126366000,126376000,126376000,126376000,126376000,126376000
2019-03-01,118054000,118054000,118054000,118054000,118054000,124370000,124370000,124370000,124370000,124370000,124370000,124370000,124370000,124370000,124370000,124370000,124370000,124373000,124373000,124373000,124373000,124373000,124373000,124373000,124373000,124373000,124373000,124373000,124373000,126340000,126318000,126340000,126340000,126340000,126340000,126340000
2019-04-01,118339000,118339000,118339000,118339000,118339000,124400000,124400000,124400000,124400000,124400000,124400000,124400000,124400000,124400000,124400000,124400000,124400000,124470000,124470000,124470000,124470000,124470000,124470000,124470000,124470000,124470000,124470000,124470000,124470000,126393000,126408000,126393000,126393000,126393000,126393000,126393000
2019-05-01,118604000,118604000,118604000,118604000,118604000,124362000,124362000,124362000,124362000,124362000,124362000,124362000,124362000,124362000,124362000,124362000,124362000,124514000,124514000,124514000,124514000,124514000,124514000,124514000,124514000,124514000,124514000,124514000,124514000,126505000,126515000,126505000,126505000,126505000,126505000,126505000
2019-06-01,118663000,118663000,118663000,118663000,118663000,124458000,124458000,124458000,124458000,124458000,124458000,124458000,124458000,124458000,124458000,124458000,124458000,124675000,124675000,124675000,124675000,124675000,124675000,124675000,124675000,124675000,124675000,124675000,124675000,126520000,126544000,126520000,126520000,126520000,126520000,126520000
2019-07-01,118869000,118869000,118869000,118869000,118869000,124474000,124474000,124474000,124474000,124474000,124474000,124474000,124474000,124474000,124474000,124474000,124474000,124754000,124754000,124754000,124754000,124754000,124754000,124754000,124754000,124754000,124754000,124754000,124754000,126555000,126590000,126555000,126555000,126555000,126555000,126555000
2019-08-01,119010000,119010000,119010000,119010000,119010000,124392000,124392000,124392000,124392000,124392000,124392000,124392000,124392000,124392000,124392000,124392000,124392000,124756000,124756000,124756000,124756000,124756000,124756000,124756000,124756000,124756000,124756000,124756000,124756000,126558000,126546000,126558000,126558000,126558000,126558000,126558000
2019-09-01,119098000,119098000,119098000,119098000,119098000,124384000,124384000,124384000,124384000,124384000,124384000,124384000,124384000,124384000,124384000,124384000,124384000,124815000,124815000,124815000,124815000,124815000,124815000,124815000,124815000,124815000,124815000,124815000,124815000,126367000,126468000,126367000,126367000,126367000,126367000,126367000
2019-10-01,119172000,119172000,119172000,119172000,119172000,124192000,124192000,124192000,124192000,124192000,124192000,124192000,124192000,124192000,124192000,124192000,124192000,124737000,124737000,124737000,124737000,124737000,124737000,124737000,124737000,124737000,124737000,124737000,124737000,126443000,126501000,126443000,126443000,126443000,126443000,126443000
2019-11-01,119364000,119364000,119364000,119364000,119364000,124125000,124125000,124125000,124125000,124125000,124125000,124125000,124125000,124125000,124125000,124125000,124125000,124702000,124702000,124702000,124702000,124702000,124702000,124702000,124702000,124702000,124702000,124702000,124702000,126463000,126485000,126463000,126463000,126463000,126463000,126463000
2019-12-01,119638000,119638000,119638000,119638000,119638000,124218000,124218000,124218000,124218000,124218000,124218000,124218000,124218000,124218000,124218000,124218000,124218000,124859000,124859000,124859000,124859000,124859000,124859000,124859000,124859000,124859000,124859000,124859000,124859000,126910000,126840000,126910000,126910000,126910000,126910000,126910000
2020-01-01,121300000,121300000,121300000,121300000,121300000,124051000,124051000,124051000,124051000,124051000,124051000,124051000,124051000,124051000,124051000,124051000,124051000,124775000,124775000,124775000,124775000,124775000,124775000,124775000,124775000,124775000,124775000,124775000,124775000,126626000,126597000,126626000,126626000,126626000,126626000,126626000
2020-02-01,121453000,121453000,121453000,121453000,121453000,123929000,123929000,123929000,123929000,123929000,123929000,123929000,123929000,123929000,123929000,123929000,123929000,124719000,124719000,124719000,124719000,124719000,124719000,124719000,124719000,124719000,124719000,124719000,124719000,126733000,126725000,126733000,126733000,126733000,126733000,126733000
2020-03-01,121017000,121017000,121017000,121017000,121017000,123855000,123855000,123855000,123855000,123855000,123855000,123855000,123855000,123855000,123855000,123855000,123855000,124665000,124665000,124665000,124665000,124665000,124665000,124665000,124665000,124665000,124665000,124665000,124665000,126631000,126609000,126631000,126631000,126631000,126631000,126631000
2020-04-01,114360000,114360000,114360000,114360000,114360000,117010000,117010000,117010000,117010000,117010000,117010000,117010000,117010000,117010000,117010000,117010000,117010000,117906000,117906000,117906000,117906000,117906000,117906000,117906000,117906000,117906000,117906000,117906000,117906000,120537000,120587000,120537000,120537000,120537000,120537000,120537000
2020-05-01,114164000,114164000,114164000,114164000,114164000,116294000,116294000,116294000,116294000,116294000,116294000,116294000,116294000,116294000,116294000,116294000,116294000,117287000,117287000,117287000,117287000,117287000,117287000,117287000,117287000,117287000,117287000,117287000,117287000,117310000,117394000,117310000,117310000,117310000,117310000,117310000
2020-06-01,114125000,114125000,114125000,114125000,114125000,116296000,116296000,116296000,116296000,116296000,116296000,116296000,116296000,116296000,116296000,116296000,116296000,117389000,117389000,117389000,117389000,117389000,117389000,117389000,117389000,117389000,117389000,117389000,117389000,117202000,117340000,117202000,117202000,117202000,117202000,117202000
2020-07-01,113842000,113842000,113842000,113842000,113842000,116046000,116046000,116046000,116046000,116046000,116046000,116046000,116046000,116046000,116046000,116046000,116046000,117258000,117258000,117258000,117258000,117258000,117258000,117258000,117258000,117258000,117258000,117258000,117258000,117184000,117251000,117184000,117184000,117184000,117184000,117184000
2020-08-01,114071000,114071000,114071000,114071000,114071000,115971000,115971000,115971000,115971000,115971000,115971000,115971000,115971000,115971000,115971000,115971000,115971000,117283000,117283000,117283000,117283000,117283000,117283000,117283000,117283000,117283000,117283000,117283000,117283000,117294000,117214000,117294000,117294000,117294000,117294000,117294000
2020-09-01,114213000,114213000,114213000,114213000,114213000,116270000,116270000,116270000,116270000,116270000,116270000,116270000,116270000,116270000,116270000,116270000,116270000,117678000,117678000,117678000,117678000,117678000,117678000,117678000,117678000,117678000,117678000,117678000,117678000,118220000,118340000,118220000,118220000,118220000,118220000,118220000
2020-10-01,114447000,114447000,114447000,114447000,114447000,116627000,116627000,116627000,116627000,116627000,116627000,116627000,116627000,116627000,116627000,116627000,116627000,118165000,118165000,118165000,118165000,118165000,118165000,118165000,118165000,118165000,118165000,118165000,118165000,118860000,118917000,118860000,118860000,118860000,118860000,118860000
2020-11-01,114576000,114576000,114576000,114576000,114576000,116807000,116807000,116807000,116807000,116807000,116807000,116807000,116807000,116807000,116807000,116807000,116807000,118446000,118446000,118446000,118446000,118446000,118446000,118446000,118446000,118446000,118446000,118446000,118446000,119428000,119437000,119428000,119428000,119428000,119428000,119428000
2020-12-01,114518000,114518000,114518000,114518000,114518000,117034000,117034000,117034000,117034000,117034000,117034000,117034000,117034000,117034000,117034000,117034000,117034000,118823000,118823000,118823000,118823000,118823000,118823000,118823000,118823000,118823000,118823000,118823000,118823000,120141000,120069000,120141000,120141000,120141000,120141000,120141000
2021-01-01,114409000,114409000,114409000,114409000,114409000,116965000,116965000,116965000,116965000,116965000,116965000,116965000,116965000,116965000,116965000,116965000,116965000,118832000,118832000,118832000,118832000,118832000,118832000,118832000,118832000,118832000,118832000,118832000,118832000,120591000,120525000,120591000,120591000,120591000,120591000,120591000
2021-02-01,114750000,114750000,114750000,114750000,114750000,117079000,117079000,117079000,117079000,117079000,117079000,117079000,117079000,117079000,117079000,117079000,117079000,119045000,119045000,119045000,119045000,119045000,119045000,119045000,119045000,119045000,119045000,119045000,119045000,120782000,120740000,120782000,120782000,120782000,120782000,120782000
2021-03-01,115047000,115047000,115047000,115047000,115047000,117308000,117308000,117308000,117308000,117308000,117308000,117308000,117308000,117308000,117308000,117308000,117308000,119219000,119219000,119219000,119219000,119219000,119219000,119219000,119219000,119219000,119219000,119219000,119219000,121185000,121163000,121185000,121185000,121185000,121185000,121185000
2021-04-01,115265000,115265000,115265000,115265000,115265000,117609000,117609000,117609000,117609000,117609000,117609000,117609000,117609000,117609000,117609000,117609000,117609000,119474000,119474000,119474000,119474000,119474000,119474000,119474000,119474000,119474000,119474000,119474000,119474000,121239000,121314000,121239000,121239000,121239000,121239000,121239000
2021-05-01,115753000,115753000,115753000,115753000,115753000,117929000,117929000,117929000,117929000,117929000,117929000,117929000,117929000,117929000,117929000,117929000,117929000,119759000,119759000,119759000,119759000,119759000,119759000,119759000,119759000,119759000,119759000,119759000,119759000,121363000,121559000,121363000,121363000,121363000,121363000,121363000
2021-06-01,116045000,116045000,116045000,116045000,116045000,118585000,118585000,118585000,118585000,118585000,118585000,118585000,118585000,118585000,118585000,118585000,118585000,120212000,120212000,120212000,120212000,120212000,120212000,120212000,120212000,120212000,120212000,120212000,120212000,121715000,122006000,121715000,121715000,121715000,121715000,121715000
2021-07-01,116663000,116663000,116663000,116663000,116663000,119523000,119523000,119523000,119523000,119523000,119523000,119523000,119523000,119523000,119523000,119523000,119523000,121293000,121293000,121293000,121293000,121293000,121293000,121293000,121293000,121293000,121293000,121293000,121293000,122729000,122923000,122729000,122729000,122729000,122729000,122729000
2021-08-01,117296000,117296000,117296000,117296000,117296000,120130000,120130000,120130000,120130000,120130000,120130000,120130000,120130000,120130000,120130000,120130000,120130000,121868000,121868000,121868000,121868000,121868000,121868000,121868000,121868000,121868000,121868000,121868000,121868000,123976000,123954000,123976000,123976000,123976000,123976000,123976000
2021-09-01,117632000,117632000,117632000,117632000,117632000,121042000,121042000,121042000,121042000,121042000,121042000,121042000,121042000,121042000,121042000,121042000,121042000,122745000,122745000,122745000,122745000,122745000,122745000,122745000,122745000,122745000,122745000,122745000,122745000,124871000,124937000,124871000,124871000,124871000,124871000,124871000
2021-10-01,117938000,117938000,117938000,117938000,117938000,121736000,121736000,121736000,121736000,121736000,121736000,121736000,121736000,121736000,121736000,121736000,121736000,123412000,123412000,123412000,123412000,123412000,123412000,123412000,123412000,123412000,123412000,123412000,123412000,125666000,125715000,125666000,125666000,125666000,125666000,125666000
2021-11-01,118438000,118438000,118438000,118438000,118438000,122426000,122426000,122426000,122426000,122426000,122426000,122426000,122426000,122426000,122426000,122426000,122426000,124074000,124074000,124074000,124074000,124074000,124074000,124074000,124074000,124074000,124074000,124074000,124074000,126264000,126268000,126264000,126264000,126264000,126264000,126264000
2021-12-01,118804000,118804000,118804000,118804000,118804000,123253000,123253000,123253000,123253000,123253000,123253000,123253000,123253000,123253000,123253000,123253000,123253000,124864000,124864000,124864000,124864000,124864000,124864000,124864000,124864000,124864000,124864000,124864000,124864000,126962000,126893000,126962000,126962000,126962000,126962000,126962000
2022-01-01,119176000,119176000,119176000,119176000,119176000,123606000,123606000,123606000,123606000,123606000,123606000,123606000,123606000,123606000,123606000,123606000,123606000,125192000,125192000,125192000,125192000,125192000,125192000,125192000,125192000,125192000,125192000,125192000,125192000,127179000,127100000,127179000,127179000,127179000,127179000,127179000
2022-02-01,119551000,119551000,119551000,119551000,119551000,124157000,124157000,124157000,124157000,124157000,124157000,124157000,124157000,124157000,124157000,124157000,124157000,125641000,125641000,125641000,125641000,125641000,125641000,125641000,125641000,125641000,125641000,125641000,125641000,127710000,127641000,127710000,127710000,127710000,127710000,127710000
2022-03-01,119976000,119976000,119976000,119976000,119976000,124444000,124444000,124444000,124444000,124444000,124444000,124444000,124444000,124444000,124444000,124444000,124444000,126021000,126021000,126021000,126021000,126021000,126021000,126021000,126021000,126021000,126021000,126021000,126021000,127987000,127966000,127987000,127987000,127987000,127987000,127987000
2022-04-01,120433000,120433000,120433000,120433000,120433000,124642000,124642000,124642000,124642000,124642000,124642000,124642000,124642000,124642000,124642000,124642000,124642000,126305000,126305000,126305000,126305000,126305000,126305000,126305000,126305000,126305000,126305000,126305000,126305000,128311000,128386000,128311000,128311000,128311000,128311000,128311000
2022-05-01,120791000,120791000,120791000,120791000,120791000,124830000,124830000,124830000,124830000,124830000,124830000,124830000,124830000,124830000,124830000,124830000,124830000,126509000,126509000,126509000,126509000,126509000,126509000,126509000,126509000,126509000,126509000,126509000,126509000,128556000,128725000,128556000,128556000,128556000,128556000,128556000
2022-06-01,121171000,121171000,121171000,121171000,121171000,125295000,125295000,125295000,125295000,125295000,125295000,125295000,125295000,125295000,125295000,125295000,125295000,126994000,126994000,126994000,126994000,126994000,126994000,126994000,126994000,126994000,126994000,126994000,126994000,129051000,129300000,129051000,129051000,129051000,129051000,129051000
2022-07-01,121439000,121439000,121439000,121439000,121439000,125753000,125753000,125753000,125753000,125753000,125753000,125753000,125753000,125753000,125753000,125753000,125753000,127472000,127472000,127472000,127472000,127472000,127472000,127472000,127472000,127472000,127472000,127472000,127472000,129556000,129771000,129556000,129556000,129556000,129556000,129556000
2022-08-01,121571000,121624000,121571000,121571000,121571000,126019000,126019000,126019000,126019000,126019000,126019000,126019000,126019000,126019000,126019000,126019000,126019000,127754000,127754000,127754000,127754000,127754000,127754000,127754000,127754000,127754000,127754000,127754000,127754000,129879000,129966000,129879000,129879000,129879000,129879000,129879000
2022-09-01,,121832000,121763000,121763000,121763000,126281000,126281000,126281000,126281000,126281000,126281000,126281000,126281000,126281000,126281000,126281000,126281000,128031000,128031000,128031000,128031000,128031000,128031000,128031000,128031000,128031000,128031000,128031000,128031000,130323000,130383000,130323000,130323000,130323000,130323000,130323000
2022-10-01,,,122002000,122002000,122002000,126464000,126464000,126464000,126464000,126464000,126464000,126464000,126464000,126464000,126464000,126464000,126464000,128231000,128231000,128231000,128231000,128231000,128231000,128231000,128231000,128231000,128231000,128231000,128231000,130541000,130581000,130541000,130541000,130541000,130541000,130541000
2022-11-01,,,,122129000,122184000,126676000,126676000,126676000,126676000,126676000,126676000,126676000,126676000,126676000,126676000,126676000,126676000,128426000,128426000,128426000,128426000,128426000,128426000,128426000,128426000,128426000,128426000,128426000,128426000,130762000,130775000,130762000,130762000,130762000,130762000,130762000
2022-12-01,,,,,122419000,126929000,126929000,126929000,126929000,126929000,126929000,126929000,126929000,126929000,126929000,126929000,126929000,128732000,128732000,128732000,128732000,128732000,128732000,128732000,128732000,128732000,128732000,128732000,128732000,130884000,130848000,130884000,130884000,130884000,130884000,130884000
2023-01-01,,,,,,127035000,127048000,127048000,127048000,127048000,127048000,127048000,127048000,127048000,127048000,127048000,127048000,128863000,128863000,128863000,128863000,128863000,128863000,128863000,128863000,128863000,128863000,128863000,128863000,131131000,131057000,131131000,131131000,131131000,131131000,131131000
2023-02-01,,,,,,,127290000,127309000,127309000,127309000,127309000,127309000,127309000,127309000,127309000,127309000,127309000,129138000,129138000,129138000,129138000,129138000,129138000,129138000,129138000,129138000,129138000,129138000,129138000,131288000,131225000,131288000,131288000,131288000,131288000,131288000
2023-03-01,,,,,,,,127454000,127451000,127451000,127451000,127451000,127451000,127451000,127451000,127451000,127451000,129241000,129241000,129241000,129241000,129241000,129241000,129241000,129241000,129241000,129241000,129241000,129241000,131235000,131221000,131235000,131235000,131235000,131235000,131235000
2023-04-01,,,,,,,,,127747000,127742000,127742000,127742000,127742000,127742000,127742000,127742000,127742000,129534000,129534000,129534000,129534000,129534000,129534000,129534000,129534000,129534000,129534000,129534000,129534000,131367000,131397000,131367000,131367000,131367000,131367000,131367000
2023-05-01,,,,,,,,,,128020000,128009000,128009000,128009000,128009000,128009000,128009000,128009000,129740000,129740000,129740000,129740000,129740000,129740000,129740000,129740000,129740000,129740000,129740000,129740000,131419000,131504000,131419000,131419000,131419000,131419000,131419000
2023-06-01,,,,,,,,,,,128506000,128464000,128464000,128464000,128464000,128464000,128464000,130283000,130283000,130283000,130283000,130283000,130283000,130283000,130283000,130283000,130283000,130283000,130283000,131565000,131681000,131565000,131565000,131565000,131565000,131565000
2023-07-01,,,,,,,,,,,,128788000,128776000,128776000,128776000,128776000,128776000,130590000,130590000,130590000,130590000,130590000,130590000,130590000,130590000,130590000,130590000,130590000,130590000,131703000,131819000,131703000,131703000,131703000,131703000,131703000
2023-08-01,,,,,,,,,,,,,128953000,128956000,128956000,128956000,128956000,130725000,130725000,130725000,130725000,130725000,130725000,130725000,130725000,130725000,130725000,130725000,130725000,131822000,131907000,131822000,131822000,131822000,131822000,131822000
2023-09-01,,,,,,,,,,,,,,129045000,129045000,129045000,129045000,130862000,130862000,130862000,130862000,130862000,130862000,130862000,130862000,130862000,130862000,130862000,130862000,131917000,131943000,131917000,131917000,131917000,131917000,131917000
2023-10-01,,,,,,,,,,,,,,,129158000,129151000,129151000,130973000,130973000,130973000,130973000,130973000,130973000,130973000,130973000,130973000,130973000,130973000,130973000,132047000,132046000,132047000,132047000,132047000,132047000,132047000
2023-11-01,,,,,,,,,,,,,,,,129254000,129252000,131077000,131077000,131077000,131077000,131077000,131077000,131077000,131077000,131077000,131077000,131077000,131077000,132147000,132124000,132147000,132147000,132147000,132147000,132147000
2023-12-01,,,,,,,,,,,,,,,,,129416000,131235000,131235000,131235000,131235000,131235000,131235000,131235000,131235000,131235000,131235000,131235000,131235000,132242000,132190000,132242000,132242000,132242000,132242000,132242000
2024-01-01,,,,,,,,,,,,,,,,,,131342000,131346000,131346000,131346000,131346000,131346000,131346000,131346000,131346000,131346000,131346000,131346000,132371000,132287000,132371000,132371000,132371000,132371000,132371000
2024-02-01,,,,,,,,,,,,,,,,,,,131486000,131501000,131522000,131521000,131521000,131521000,131521000,131521000,131521000,131521000,131521000,132462000,132405000,132462000,132462000,132462000,132462000,132462000
2024-03-01,,,,,,,,,,,,,,,,,,,,131685000,131730000,131732000,131732000,131732000,131732000,131732000,131732000,131732000,131732000,132544000,132522000,132544000,132544000,132544000,132544000,132544000
2024-04-01,,,,,,,,,,,,,,,,,,,,,131922000,131920000,131920000,131920000,131920000,131920000,131920000,131920000,131920000,132657000,132668000,132657000,132657000,132657000,132657000,132657000
2024-05-01,,,,,,,,,,,,,,,,,,,,,,132072000,132077000,132077000,132077000,132077000,132077000,132077000,132077000,132821000,132868000,132821000,132821000,132821000,132821000,132821000
2024-06-01,,,,,,,,,,,,,,,,,,,,,,,132227000,132232000,132232000,132232000,132232000,132232000,132232000,132957000,133002000,132957000,132957000,132957000,132957000,132957000
2024-07-01,,,,,,,,,,,,,,,,,,,,,,,,132354000,132343000,132343000,132343000,132343000,132343000,132999000,133038000,132999000,132999000,132999000,132999000,132999000
2024-08-01,,,,,,,,,,,,,,,,,,,,,,,,,132442000,132446000,132446000,132446000,132446000,133179000,133191000,133179000,133179000,133179000,133179000,133179000
2024-09-01,,,,,,,,,,,,,,,,,,,,,,,,,,132589000,132605000,132605000,132605000,133373000,133328000,133373000,133373000,133373000,133373000,133373000
2024-10-01,,,,,,,,,,,,,,,,,,,,,,,,,,,132838000,132789000,132789000,133594000,133521000,133594000,133594000,133594000,133594000,133594000
2024-11-01,,,,,,,,,,,,,,,,,,,,,,,,,,,,132935000,132935000,133798000,133690000,133798000,133798000,133798000,133798000,133798000
2024-12-01,,,,,,,,,,,,,,,,,,,,,,,,,,,,,133057000,133974000,133851000,133974000,133974000,133974000,133974000,133974000
2025-01-01,,,,,,,,,,,,,,,,,,,,,,,,,,,,,,134157000,134037000,134160000,134160000,134160000,134160000,134160000
2025-02-01,,,,,,,,,,,,,,,,,,,,,,,,,,,,,,,134114000,134244000,134244000,134244000,134244000,134244000
2025-03-01,,,,,,,,,,,,,,,,,,,,,,,,,,,,,,,,134399000,134391000,134391000,134391000,134391000
2025-04-01,,,,,,,,,,,,,,,,,,,,,,,,,,,,,,,,,134453000,134451000,134451000,134451000
2025-05-01,,,,,,,,,,,,,,,,,,,,,,,,,,,,,,,,,,134488000,134480000,134480000
2025-06-01,,,,,,,,,,,,,,,,,,,,,,,,,,,,,,,,,,,134447000,134457000
2025-07-01,,,,,,,,,,,,,,,,,,,,,,,,,,,,,,,,,,,,134561000
