date,adp,adp_otm,ces_tot_otm,ces_prv_otm,qcew_tot,qcew_prv,covid,qcew_tot_sa,qcew_tot_otm_sa,qcew_prv_sa,qcew_prv_otm_sa
2001-01-01,,,,,118342.523,98064.915,FALSE,120423.516620604,,100328.242659681,
2001-02-01,,,,,118728.999,98191.938,FALSE,120399.912678128,-23.6039424759947,100236.304920334,-91.9377393469913
2001-03-01,,,,,119536.759,98886.561,FALSE,120301.635621781,-98.2770563470113,100064.990175095,-171.314745239011
2001-04-01,,,,,119819.19,99153.04,FALSE,119892.618529907,-409.01709187399,99733.9757522559,-331.0144228391
2001-05-01,,,,,120619.776,99852.354,FALSE,119707.665011811,-184.953518096008,99485.992363947,-247.983388308887
2001-06-01,,,,,121119.675,100614.217,FALSE,119721.688049394,14.0230375829997,99352.7682787974,-133.224085149603
2001-07-01,,,,,118257.25,99693.338,FALSE,119359.646146248,-362.041903146004,98999.8629796283,-352.905299169099
2001-08-01,,,,,118782.6,99919.427,FALSE,119188.763137367,-170.883008880992,98778.6603497002,-221.202629928099
2001-09-01,,,,,119566.656,99116.19,FALSE,118872.171741127,-316.591396240008,98398.4245915315,-380.23575816871
2001-10-01,,,,,119191.412,98383.313,FALSE,118418.2736239,-453.898117227,98006.460994221,-391.963597310503
2001-11-01,,,,,119296.616,98339.265,FALSE,118196.630174399,-221.643449500989,97703.3012296605,-303.159764560492
2001-12-01,,,,,119278.193,98353.111,FALSE,118047.649010405,-148.981163994002,97504.2184783555,-199.082751305003
2002-01-01,,,,,115899.119,95205.123,FALSE,117928.04385824,-119.605152165008,97366.1949111251,-138.023567230397
2002-02-01,,,,,116221.782,95293.278,FALSE,117873.597151703,-54.4467065369972,97291.006122095,-75.1887890301005
2002-03-01,,,,,117088.596,96034.487,FALSE,117871.118656793,-2.47849490999943,97259.630809164,-31.3753129310062
2002-04-01,,,,,117760.902,96723.052,FALSE,117831.455562659,-39.6630941339972,97241.6525199434,-17.9782892205985
2002-05-01,,,,,118786.942,97609.942,FALSE,117890.397531882,58.9419692230004,97236.8674542555,-4.78506568790181
2002-06-01,,,,,119172.477,98337.975,FALSE,117835.959535494,-54.4379963880056,97187.1521009242,-49.7153533312958
2002-07-01,,,,,116684.838,97848.605,FALSE,117778.900390494,-57.059144999992,97135.7827986826,-51.3693022415973
2002-08-01,,,,,117404.588,98250.552,FALSE,117822.275798673,43.3754081789957,97126.8856699316,-8.89712875100668
2002-09-01,,,,,118455.015,97779.333,FALSE,117768.807097607,-53.4687010659982,97098.4813485996,-28.4043213319965
2002-10-01,,,,,118527.994,97438.939,FALSE,117721.306650005,-47.5004476019967,97025.5855399849,-72.8958086147031
2002-11-01,,,,,118898.524,97664.664,FALSE,117768.929277834,47.6226278289978,97012.2111623421,-13.3743776428018
2002-12-01,,,,,118940.752,97775.92,FALSE,117686.729333897,-82.1999439369975,96917.7235045817,-94.4876577603864
2003-01-01,,,,,115530.166,94632.032,FALSE,117518.091335103,-168.637998794002,96745.1541638728,-172.569340708913
2003-02-01,,,,,115635.933,94509.45,FALSE,117272.344482237,-245.74685286601,96488.6156012202,-256.538562652597
2003-03-01,,,,,116296.963,95099.416,FALSE,117091.902247674,-180.442234562986,96338.7464053129,-149.869195907304
2003-04-01,,,,,116959.353,95757.244,FALSE,117011.603286677,-80.29896099701,96258.0596075836,-80.6867977293005
2003-05-01,,,-18.3999999999796,6.60000000002037,117951.708,96657.896,FALSE,117068.996756688,57.3934700109967,96285.1255339553,27.0659263717098
2003-06-01,,,-36.5999999999913,-37.5999999999913,118268.856,97331.788,FALSE,116989.148273259,-79.8484834289993,96236.4660939445,-48.6594400108006
2003-07-01,,,-41.0000000000146,-31.0000000000146,115832.775,96951.991,FALSE,116934.479636588,-54.668636670991,96237.7750218898,1.30892794529791
2003-08-01,,,-97.0999999999767,-71.0999999999767,116579.769,97455.583,FALSE,117036.801634208,102.321997619991,96386.22835966,148.453337770203
2003-09-01,,,48.5,63.5,117844.319,97155.657,FALSE,117188.156034814,151.354400606011,96514.421553661,128.193194000996
2003-10-01,,,124.100000000006,114.100000000006,118280.025,97176.774,FALSE,117454.725605772,266.569570957989,96706.2544427674,191.832889106401
2003-11-01,,,44.9999999999855,37.9999999999855,118511.165,97334.269,FALSE,117379.905470987,-74.8201347849972,96704.855682925,-1.39875984239916
2003-12-01,,,-3.80000000001746,0.199999999982538,118796.923,97662.578,FALSE,117537.361587888,157.456116900998,96814.2365775595,109.380894634494
2004-01-01,,,110.900000000009,123.900000000009,115706.736,94821.649,FALSE,117672.131630278,134.77004239001,96875.8846188426,61.6480412831006
2004-02-01,,,24.7000000000116,3.70000000001164,116075.322,94972.019,FALSE,117700.353810039,28.2221797609964,96982.962452957,107.077834114403
2004-03-01,,,302.200000000012,271.200000000012,117162.62,95953.254,FALSE,117961.349428629,260.995618589994,97202.0594226151,219.096969658101
2004-04-01,,,267.299999999988,259.299999999988,118245.995,97012.037,FALSE,118259.029360154,297.67993152501,97433.5771045273,231.517681912199
2004-05-01,,,231.5,258.5,119215.061,97908.187,FALSE,118324.936529455,65.9071693009901,97590.2254154991,156.648310971796
2004-06-01,,,94.3000000000029,99.3000000000175,119724.399,98790.707,FALSE,118460.420936977,135.484407522003,97737.409248928,147.183833428906
2004-07-01,,,33.1000000000058,33.1000000000058,117705.524,98785.469,FALSE,118814.604998772,354.184061795007,97967.3071278253,229.897878897304
2004-08-01,,,126.300000000017,102.299999999988,118265.87,99078.304,FALSE,118755.14726109,-59.4577376820089,98029.5398461835,62.2327183581947
2004-09-01,,,80.0000000000291,43.0000000000146,119531.394,98699.29,FALSE,118883.532464735,128.385203645012,98116.0556037865,86.5157576030033
2004-10-01,,,328.500000000015,287.500000000015,120129.106,98906.316,FALSE,119298.311748143,414.779283407988,98422.4041278317,306.348524045199
2004-11-01,,,101.399999999994,93.4000000000087,120585.351,99237.47,FALSE,119430.89733566,132.585587517009,98555.7225877885,133.318459956805
2004-12-01,,,149.899999999994,120.899999999994,120897.127,99622.487,FALSE,119623.022542521,192.12520686099,98782.2968322152,226.574244426694
2005-01-01,,,137.599999999991,125.599999999991,117672.238,96655.896,FALSE,119658.568120868,35.5455783470097,98739.3255586948,-42.9712735203939
2005-02-01,,,254.099999999962,221.099999999962,118294.879,97009.977,FALSE,119916.442114834,257.873993966001,99010.2190440085,270.893485313689
2005-03-01,,,111.300000000017,102.300000000003,119175.931,97816.001,FALSE,119985.028434964,68.5863201299944,99120.5408443291,110.321800320598
2005-04-01,,,253.100000000006,235.099999999991,120567.198,99160.952,FALSE,120559.590049403,574.561614439008,99554.3388987903,433.798054461207
2005-05-01,,,72.9000000000378,67.9000000000087,121392.224,99911.709,FALSE,120486.641464634,-72.9485847690085,99571.0916683602,16.7527695698955
2005-06-01,,,118.399999999994,116.400000000009,121802.586,100726.217,FALSE,120536.282217503,49.6407528690033,99685.9470351691,114.855366808901
2005-07-01,,,185.600000000006,159.600000000006,119872.895,100776.286,FALSE,121016.959026558,480.676809055003,99980.8113229311,294.864287762
2005-08-01,,,150.89999999998,135.899999999994,120599.111,101171.783,FALSE,121113.616050214,96.6570236559928,100102.442148713,121.630825781904
2005-09-01,,,-47.1999999999971,-78.1999999999971,122009.238,100931.08,FALSE,121346.573383478,232.957333263999,100299.831550058,197.389401345004
2005-10-01,,,51.6000000000058,41.5999999999913,122056.593,100669.354,FALSE,121236.632660176,-109.940723302003,100237.705718446,-62.1258316120075
2005-11-01,,,203.600000000006,182.600000000006,122711.92,101209.447,FALSE,121529.175974294,292.543314118011,100515.76129138,278.055572933998
2005-12-01,,,90.4000000000087,76.3999999999942,122989.598,101578.422,FALSE,121706.527483909,177.351509614993,100695.17023463,179.408943250004
2006-01-01,,,169.799999999988,170.799999999988,120075.259,98933.328,FALSE,122073.620157898,367.092673988998,101076.635719895,381.465485264998
2006-02-01,,,225.299999999959,187.300000000003,120695.741,99271.984,FALSE,122323.580943878,249.960785980002,101278.722707811,202.086987916002
2006-03-01,,,190.300000000003,166.299999999988,121769.607,100252.532,FALSE,122569.056429918,245.475486039999,101485.941127096,207.218419284996
2006-04-01,,,115.800000000003,108.799999999988,122524.88,101000.199,FALSE,122542.892852681,-26.1635772369918,101530.112911525,44.171784428996
2006-05-01,,,55.9000000000233,47.9000000000233,123581.65,101959.939,FALSE,122657.747334456,114.854481774994,101631.637367274,101.524455749008
2006-06-01,,,109.199999999953,78.1999999999971,124253.194,103007.492,FALSE,122954.619908357,296.872573900997,101812.432389763,180.795022488994
2006-07-01,,,105.000000000029,105.000000000029,121659.796,102500.823,FALSE,122857.457655138,-97.162253218994,101794.924558667,-17.5078310959943
2006-08-01,,,108.199999999983,91.2000000000116,122495.705,102934.856,FALSE,123026.419098699,168.961443560998,101895.459452796,100.534894128999
2006-09-01,,,40.3999999999942,48.3999999999942,123943.626,102705.959,FALSE,123278.873658167,252.454559467995,102015.207573708,119.748120912002
2006-10-01,,,82.3999999999942,48.4000000000087,124035.701,102460.868,FALSE,123190.668169255,-88.20548891199,102028.723798756,13.5162250479916
2006-11-01,,,117.000000000029,99.0000000000291,124610.105,102899.802,FALSE,123396.82739855,206.159229294994,102204.640214659,175.916415903004
2006-12-01,,,148.100000000006,131.100000000006,124963.473,103301.248,FALSE,123658.548955377,261.721556827004,102372.374504265,167.734289606
2007-01-01,,,109.299999999988,95.3000000000175,121799.099,100445.485,FALSE,123807.965059693,149.416104315998,102611.324707648,238.950203383007
2007-02-01,,,87.5,48.4999999999855,122277.522,100648.498,FALSE,123912.724152113,104.759092420005,102677.366837419,66.0421297709982
2007-03-01,,,162.400000000009,139.400000000023,123376.822,101633.431,FALSE,124190.718760697,277.994608583991,102858.426142844,181.059305424991
2007-04-01,,,74.6000000000058,49.5999999999913,123919.046,102178.031,FALSE,123964.5317322,-226.187028496992,102753.536467464,-104.889675379993
2007-05-01,,,151.500000000015,129.5,125102.309,103244.063,FALSE,124160.672192049,196.14045984899,102909.995580866,156.459113402001
2007-06-01,,,110.100000000006,70.1000000000058,125700.259,104193.467,FALSE,124406.091615624,245.419423575004,103019.789874325,109.794293458996
2007-07-01,,,70.3999999999796,98.3999999999796,123088.021,103701.02,FALSE,124320.765705213,-85.3259104110039,102983.950600686,-35.8392736389942
2007-08-01,,,-19.8999999999942,8.10000000002037,123883.963,104021.522,FALSE,124420.107221373,99.3415161599987,102956.148586055,-27.8020146310009
2007-09-01,,,95.3999999999942,58.3999999999942,125006.926,103549.804,FALSE,124352.161406581,-67.9458147919941,102915.853809892,-40.2947761630057
2007-10-01,,,148.399999999994,112.399999999994,125254.376,103428.852,FALSE,124351.931013818,-0.230392762998235,102942.553465102,26.6996552100027
2007-11-01,,,91.0999999999767,61.0999999999913,125799.836,103837.206,FALSE,124539.53021602,187.599202201993,103054.948140377,112.394675275005
2007-12-01,,,-1.10000000000582,-32.1000000000204,125895.2,103975.38,FALSE,124582.793223534,43.2630075140041,103103.147328076,48.1991876989923
2008-01-01,,,-20.8000000000029,-2.79999999998836,122623.397,100992.147,FALSE,124639.856879924,57.0636563900043,103143.78922401,40.6418959340081
2008-02-01,,,-78.8999999999796,-116.899999999994,123063.032,101134.577,FALSE,124705.486233474,65.6293535500008,103111.645010518,-32.1442134920071
2008-03-01,,,-94.9000000000087,-112.900000000023,123608.083,101600.698,FALSE,124471.512136763,-233.974096710997,102928.094351862,-183.550658655993
2008-04-01,,,-38.1000000000058,-47.1000000000204,124174.041,102157.263,FALSE,124225.516751466,-245.995385297007,102716.339174508,-211.755177354004
2008-05-01,,,-72.6000000000058,-89.6000000000058,125077.473,102916.602,FALSE,124123.816473181,-101.700278285003,102547.281273167,-169.057901341002
2008-06-01,,,-62,-91.0000000000146,125153.178,103391.754,FALSE,123901.838425356,-221.978047824989,102319.533793246,-227.747479921003
2008-07-01,,,-68.199999999968,-93.2000000000116,122456.027,102790.42,FALSE,123692.392056427,-209.446368929013,102063.105211306,-256.428581939996
2008-08-01,,,-101.199999999983,-118.200000000012,123016.979,102889.7,FALSE,123554.242781323,-138.149275103991,101853.318586456,-209.786624850007
2008-09-01,,,-156.800000000017,-165.799999999988,123796.84,102113.622,FALSE,123154.36285286,-399.879928463008,101471.403501271,-381.915085184999
2008-10-01,,,-253.100000000006,-276.100000000006,123637.909,101546.569,FALSE,122678.22160845,-476.141244409999,101014.442466803,-456.961034467997
2008-11-01,,,-535.800000000003,-542.800000000003,123217.583,101005.949,FALSE,121947.301554633,-730.920053816997,100259.613476112,-754.828990690992
2008-12-01,,,-502.599999999991,-509.600000000006,122630.621,100511.662,FALSE,121345.663080577,-601.638474056002,99615.8226799277,-643.790796184301
2009-01-01,,,-595.10000000002,-601.100000000006,118407.594,96595.956,FALSE,120340.828379309,-1004.834701268,98650.3223033754,-965.5003765523
2009-02-01,,,-634.300000000003,-643.300000000018,118006.725,95963.795,FALSE,119583.988683807,-756.839695502,97849.0378750253,-801.284428350104
2009-03-01,,,-643.799999999974,-638.799999999959,117900.817,95784.346,FALSE,118750.228829496,-833.759854310993,97012.9923418097,-836.045533215598
2009-04-01,,,-525.400000000009,-597.400000000009,118002.448,95737.796,FALSE,118024.873081956,-725.355747540001,96275.3433545652,-737.648987244509
2009-05-01,,,-338.600000000006,-331.600000000006,118526.285,96214.955,FALSE,117601.317218573,-423.555863382993,95880.0097877588,-395.333566806396
2009-06-01,,,-463.39999999998,-411.39999999998,118256.849,96416.881,FALSE,117107.584247138,-493.732971435005,95436.0100260934,-443.9997616654
2009-07-01,,,-248.399999999994,-255.399999999994,115503.005,95808.493,FALSE,116687.009811384,-420.574435753995,95134.7672712776,-301.242754815801
2009-08-01,,,-190.899999999994,-172.900000000009,115809.795,95762.77,FALSE,116362.193958533,-324.81585285101,94840.3757586817,-294.391512595903
2009-09-01,,,-265.60000000002,-212.60000000002,116884.578,95286.309,FALSE,116329.792269778,-32.4016887549951,94741.9442040422,-98.4315546394937
2009-10-01,,,-188.099999999991,-188.099999999991,117215.993,95164.66,FALSE,116301.710507333,-28.0817624449992,94626.6056502992,-115.338553743
2009-11-01,,,-12.6999999999825,-19.6999999999825,117360.842,95233.32,FALSE,116155.16414772,-146.546359612999,94534.6152653304,-91.990384968798
2009-12-01,,,-83.3999999999942,-62.3999999999942,117235.293,95212.083,FALSE,116053.748045667,-101.416102053001,94424.3218296908,-110.2934356396
2010-01-01,,,-24.6000000000058,-16.6000000000058,114189.782,92465.2,FALSE,116035.977183811,-17.7708618559991,94328.6223596361,-95.6994700547075
2010-02-01,,,-20.7000000000116,-2.70000000001164,114373.653,92427.377,FALSE,115893.244922191,-142.732261619996,94284.9099691066,-43.7123905295011
2010-03-01,,,171,132,115323.67,93240.578,FALSE,116142.251271442,249.006349250994,94477.2967716055,192.386802498906
2010-04-01,,,280.900000000009,221.900000000009,116678.566,94482.181,FALSE,116623.82189913,481.570627687994,94830.8063605219,353.509588916408
2010-05-01,,,445.100000000006,55.1000000000058,117936.824,95254.971,FALSE,116969.565746955,345.743847825012,94955.6545717495,124.848211227596
2010-06-01,,,-116,92,118041.291,95983.021,FALSE,116895.229774981,-74.3359719740111,95085.2164655675,129.561893817998
2010-07-01,,,-120.800000000003,81.1999999999971,115708.462,95963.081,FALSE,116874.523053403,-20.7067215779971,95196.6040011276,111.387535560105
2010-08-01,,,-64.1999999999971,56.8000000000029,116146.747,96189.907,FALSE,116703.970133849,-170.552919554,95292.4940514671,95.890050339498
2010-09-01,,,-96.9000000000087,62.0999999999913,117278.257,95842.621,FALSE,116766.70058931,62.7304554610018,95387.0104914929,94.5164400257927
2010-10-01,,,135.599999999977,143.599999999977,118075.293,96237.558,FALSE,117166.078029932,399.377440622004,95665.5585495803,278.548058087399
2010-11-01,,,37.3000000000029,48.3000000000029,118374.823,96437.961,FALSE,117176.15686337,10.0788334379904,95717.582049206,52.0234996257059
2010-12-01,,,107.300000000003,117.300000000003,118406.264,96578.658,FALSE,117265.198645284,89.041781914013,95857.4081512318,139.826102025792
2011-01-01,107654,187,41.0999999999913,55.0999999999913,115491.183,94036.056,FALSE,117350.58051635,85.381871065998,95912.3594359523,54.9512847205042
2011-02-01,108099,217,180.400000000009,210.400000000009,116034.271,94332.902,FALSE,117540.295646356,189.715130005992,96166.5496649089,254.190228956606
2011-03-01,108292,201,205.100000000006,219.100000000006,116908.12,95129.129,FALSE,117719.648822909,179.353176553006,96379.5318095667,212.982144657799
2011-04-01,108474,179,226.5,250.5,118242.74,96422.782,FALSE,118144.170680031,424.521857122003,96743.4930461872,363.961236620497
2011-05-01,108506,38,44.0000000000146,73.0000000000146,118939.77,97097.254,FALSE,117975.265911377,-168.904768654,96775.9133537791,32.4203075919068
2011-06-01,108677,157,30,69,119214.996,97774.714,FALSE,118080.365781495,105.099870117992,96864.283949919,88.3705961398955
2011-07-01,108764,114,109.800000000003,146.800000000003,117141.128,97887.029,FALSE,118317.128322296,236.762540801006,97140.6386757555,276.3547258365
2011-08-01,108849,91,-19.7999999999884,-2.79999999998836,117822.028,98199.268,FALSE,118374.059448729,56.9311264330027,97302.7104032782,162.071727522693
2011-09-01,108936,91,103.999999999985,137.999999999985,119296.235,98097.299,FALSE,118797.996478785,423.937030055997,97616.1473866151,313.436983336913
2011-10-01,109067,110,70.1000000000058,94.1000000000058,119619.639,98104.049,FALSE,118732.664141225,-65.3323375600012,97590.7084201388,-25.4389664763003
2011-11-01,109307,206,107.199999999997,127.199999999983,120070.969,98489.76,FALSE,118860.410760262,127.746619037003,97774.4657671584,183.757347019593
2011-12-01,109646,325,183.199999999997,195.199999999997,120121.806,98617.051,FALSE,119000.842559211,140.431798948994,97869.5192994214,95.0535322630021
2012-01-01,109788,170,219.199999999997,233.200000000012,117448.994,96292.075,FALSE,119305.178356803,304.335797591994,98223.8645297142,354.345230292805
2012-02-01,110249,216,208.60000000002,214.599999999991,118059.776,96621.561,FALSE,119541.361930199,236.183573396003,98427.9330846256,204.068554911399
2012-03-01,110481,209,107.099999999991,108.099999999991,119082.193,97550.532,FALSE,119877.987242489,336.625312290009,98737.8285007683,309.895416142696
2012-04-01,110590,119,105.200000000026,120.200000000026,119961.636,98423.585,FALSE,119871.597298105,-6.3899443840055,98845.8340644833,108.005563714993
2012-05-01,110716,133,56.9000000000087,69.9000000000087,121011.51,99399.371,FALSE,120047.548604916,175.951306810995,99040.9493108623,195.115246379006
2012-06-01,110898,176,74.6999999999971,78.6999999999971,121401.968,100227.531,FALSE,120272.490273825,224.941668908999,99226.0424493392,185.093138476906
2012-07-01,111052,163,155.299999999988,164.299999999988,118976.266,99944.678,FALSE,120173.110729294,-99.3795445309952,99262.5674143468,36.5249650076003
2012-08-01,111264,201,91.6999999999825,98.6999999999971,119991.146,100388.369,FALSE,120508.600036985,335.489307690994,99466.9731004742,204.4056861274
2012-09-01,111397,162,88.9000000000087,78.9000000000087,121146.642,100054.349,FALSE,120682.787267698,174.187230713011,99629.9711726631,162.998072188901
2012-10-01,111617.2,157.8,164.10000000002,177.100000000006,121760.823,100326.474,FALSE,120874.64088491,191.853617211993,99813.888522241,183.917349577896
2012-11-01,111744.309,117.821,134.500000000044,135.500000000015,122323.18,100785.859,FALSE,121083.876655601,209.235770690997,100014.467644499,200.579122258001
2012-12-01,111991,215,135.700000000012,148.699999999997,122374.38,100918.025,FALSE,121251.058510731,167.181855130009,100225.993741311,211.526096811998
2013-01-01,112178,192,147.000000000015,155.999999999985,119865.136,98757.307,FALSE,121729.374879003,478.31636827199,100685.779723291,459.785981979992
2013-02-01,113035,198,221.5,231.5,120609.997,99215.701,FALSE,122082.007502752,352.632623749014,100983.202192393,297.422469102006
2013-03-01,113194,158,85.3999999999796,92.3999999999796,121408.645,99955.714,FALSE,122231.370691477,149.363188724994,101208.671960093,225.469767699993
2013-04-01,113247.224,118.934,166.700000000026,177.700000000012,122386.758,100907.179,FALSE,122311.689296227,80.3186047500058,101324.751692947,116.079732854007
2013-05-01,113398.6,135.32,170.799999999974,173.799999999988,123520.274,101948.81,FALSE,122558.830029132,247.140732904998,101548.182137099,223.430444151993
2013-06-01,113596.859,188.306,181.699999999997,188.700000000012,123816.87,102717.318,FALSE,122705.412362653,146.582333521001,101750.825054141,202.642917042002
2013-07-01,113813.799,199.701,161.999999999985,160.999999999985,121681.036,102650.166,FALSE,122870.126848785,164.714486131998,101940.035943121,189.21088898
2013-08-01,113981.373,176.403,173.900000000009,156.900000000009,122748.656,103142.088,FALSE,123230.123485533,359.996636747994,102179.582040832,239.546097711005
2013-09-01,114092.693,166.052,144.500000000015,122.500000000015,123813.309,102734.416,FALSE,123373.15183554,143.028350007007,102361.636695766,182.054654934007
2013-10-01,114194.038,130.425,191.699999999968,199.700000000012,124418.269,103032.164,FALSE,123520.144612148,146.992776607993,102548.722658891,187.085963124991
2013-11-01,114503.023,215.247,189.799999999974,182.799999999988,125143.73,103648.736,FALSE,123857.276239004,337.131626856004,102827.370883173,278.648224282006
2013-12-01,114776.549,238.192,76.6000000000058,89.6000000000058,125102.256,103684.143,FALSE,123944.017046627,86.7408076230058,102925.032534592,97.6616514189955
2014-01-01,115000.361,175.394,113.299999999959,142.299999999988,122145.177,101084.227,FALSE,124019.118730492,75.1016838649957,103042.01913488,116.986600288001
2014-02-01,115843.424,139.301,166.099999999991,153.10000000002,122633.946,101322.611,FALSE,124110.628362604,91.5096321119927,103117.904166926,75.8850320460042
2014-03-01,116067.761,191.431,180.299999999974,180.300000000003,123538.737,102140.093,FALSE,124403.684652682,293.056290078006,103412.092543584,294.188376658
2014-04-01,116320.313,220.361,274.300000000003,259.300000000003,124817.951,103345.704,FALSE,124762.435447345,358.750794662992,103748.911960973,336.819417388993
2014-05-01,116483.886,179.489,208.200000000012,207.199999999997,126049,104480.817,FALSE,125109.611055362,347.175608017002,104079.403013944,330.491052971003
2014-06-01,116754.41,280.762,271.700000000012,245.700000000012,126385.018,105216.176,FALSE,125295.767348109,186.156292747008,104271.798866899,192.395852955
2014-07-01,117006.43,218.062,209.900000000009,198.900000000009,124265.923,105154.849,FALSE,125434.411344835,138.643996725994,104415.922607192,144.123740292998
2014-08-01,117221.715,204.337,132.099999999991,124.099999999991,125356.961,105649.3,FALSE,125813.448187749,379.036842914007,104703.650128472,287.727521280001
2014-09-01,117436.541,212.695,228.900000000009,216.900000000009,126407.308,105245.303,FALSE,125995.282527595,181.834339845998,104898.688327823,195.038199350995
2014-10-01,117638.884,229.613,207.300000000017,202.299999999988,127208.194,105726.707,FALSE,126286.236153265,290.953625669994,105211.270609346,312.582281523006
2014-11-01,117837.388,207.818,296.399999999965,289.400000000009,127828.857,106239.211,FALSE,126511.031769874,224.795616609001,105425.764283123,214.493673777004
2014-12-01,118107.283,240.977,236.5,224.500000000015,128039.773,106532.771,FALSE,126844.160122871,333.12835299701,105739.225341385,313.461058261994
2015-01-01,118379.836,213.259,231.099999999991,241.100000000006,125059.207,103857.889,FALSE,126942.702768999,98.5426461280004,105812.167833869,72.9424924839987
2015-02-01,118926.164,211.776,272.299999999974,265.299999999974,125549.517,104099.967,FALSE,127014.627985799,71.9252167999948,105888.543517049,76.3756831799983
2015-03-01,119085.952,188.732,111.39999999998,114.400000000009,126212.436,104694.072,FALSE,127103.974078602,89.3460928029963,105995.94744723,107.403930181012
2015-04-01,119228,169,202.599999999962,192.599999999991,127474.852,105879.255,FALSE,127430.841909665,326.867831063006,106269.244297117,273.296849886989
2015-05-01,119425,200,260.300000000003,242.300000000017,128697.071,106998.955,FALSE,127788.232562868,357.390653202994,106614.629587516,345.385290399005
2015-06-01,119679.656,237.253,199.399999999965,199.399999999994,129022.299,107719.998,FALSE,127960.748119008,172.515556140002,106811.263427091,196.633839575006
2015-07-01,119851.236,185.379,181.500000000015,176.5,127169.565,107880.305,FALSE,128307.915676243,347.167557235007,107059.869127563,248.605700471991
2015-08-01,120035.152,190.266,146.200000000012,113.200000000012,127926.865,108102.749,FALSE,128375.841510889,67.9258346459974,107194.577031445,134.707903882008
2015-09-01,120222.142,199.529,122.400000000009,98.4000000000087,128938.514,107645.932,FALSE,128562.250902452,186.409391562993,107381.043441079,186.466409633998
2015-10-01,120389.491,181.937,247.700000000012,244.699999999997,129877.232,108249.338,FALSE,128949.959451825,387.708549372997,107684.798643525,303.755202446002
2015-11-01,120629.832,217.378,184.999999999971,171,130363.922,108643.72,FALSE,129027.831719627,77.8722678020131,107813.405610829,128.606967303989
2015-12-01,120857.556,256.946,266.699999999968,249.699999999983,130497.011,108808.53,FALSE,129294.603881061,266.772161433997,108040.311901364,226.906290535
2016-01-01,121062.757,205.346,114.699999999983,121.699999999997,127493.444,106141.934,FALSE,129378.084169397,83.4802883359953,108068.10793397,27.7960326059983
2016-02-01,121295.99,213.754,223.799999999974,211.799999999988,128081.999,106479.142,FALSE,129509.065859229,130.981689831999,108253.247169326,185.139235356008
2016-03-01,121487.042,200.056,198.699999999983,178.700000000012,128742.985,107022.837,FALSE,129626.585615465,117.519756235997,108342.267557727,89.0203884009971
2016-04-01,121639.109,155.654,133.199999999983,144.200000000012,130105.927,108346.082,FALSE,130060.71985165,434.134236185011,108653.197513354,310.929955626998
2016-05-01,121829.19,173.182,15.3000000000466,2.30000000001746,130800.185,108958.234,FALSE,129931.304638702,-129.415212948006,108628.848153245,-24.3493601090013
2016-06-01,121978.817,171.648,258.199999999983,236.199999999997,130988.464,109531.525,FALSE,129946.59000306,15.285364358002,108658.176332032,29.3281787870074
2016-07-01,122174.766,178.57,231.699999999983,193.699999999997,129300.432,109840.726,FALSE,130413.374306392,466.784303331995,108987.510742311,329.334410279
2016-08-01,122362.945,176.938,123.500000000029,98.4999999999854,130047.053,110003.045,FALSE,130484.284751539,70.9104451470048,109114.62431416,127.113571848997
2016-09-01,122516.115,154.016,137.399999999994,148.400000000023,131212.649,109666.501,FALSE,130871.230686383,386.945934844,109416.126906281,301.502592121004
2016-10-01,122626.496,146.921,136,117.000000000015,131645.951,109845.36,FALSE,130748.714289482,-122.516396901003,109332.769596913,-83.3573093680025
2016-11-01,122808.364,216.438,168.299999999988,146.300000000003,132230.299,110298.407,FALSE,130881.874341506,133.160052024003,109459.134844173,126.365247259993
2016-12-01,122965.275,152.596,149.199999999983,137.200000000012,132156.764,110287.02,FALSE,130973.862551403,91.9882098969974,109504.555388488,45.4205443150131
2017-01-01,123221.096,246.376,195.899999999965,205.900000000009,129293.268,107768.217,FALSE,131169.364348945,195.501797542005,109739.75113795,235.195749462
2017-02-01,123566.547,298.366,220.800000000017,212.800000000017,129998.126,108214.506,FALSE,131370.931531401,201.567182455998,109898.860898309,159.109760358988
2017-03-01,123783.926,263.48,93.2000000000408,84.1999999999971,130701.182,108834.063,FALSE,131545.185149361,174.253617959999,110048.169637426,149.308739117012
2017-04-01,123956.373,177.347,189.5,172.5,131616.665,109732.705,FALSE,131598.351833141,53.1666837800003,110169.192102928,121.022465501999
2017-05-01,124205.528,252.977,120.699999999983,129.700000000012,132659.614,110698.738,FALSE,131822.06897865,223.717145508999,110364.331509528,195.139406599992
2017-06-01,124315.305,158.013,200.5,165.5,133222.054,111610.857,FALSE,132169.861766313,347.792787662998,110640.597465006,276.265955477997
2017-07-01,124529.253,177.721,204.300000000017,200.300000000003,130990.005,111446.06,FALSE,132096.040228713,-73.8215375999862,110658.556839025,17.959374019003
2017-08-01,124790.666,236.63,133.099999999977,142.099999999991,131856.667,111699.693,FALSE,132266.119535243,170.07930652998,110804.352912693,145.796073667996
2017-09-01,124914.482,135.425,-46.7999999999884,-53.8000000000029,132617.479,111018.787,FALSE,132345.468634408,79.3490991650033,110849.254550894,44.9016382010013
2017-10-01,125123.528,234.924,257.999999999971,249.000000000015,133454.167,111580.674,FALSE,132574.076748139,228.608113730996,111092.989684014,243.735133120004
2017-11-01,125300.419,190.254,221.100000000006,214.100000000006,134134.193,112168.114,FALSE,132774.810979318,200.734231178998,111272.724083363,179.734399349007
2017-12-01,125548.537,250.197,126.300000000017,124.299999999988,134135.945,112227.46,FALSE,132961.791257269,186.980277951021,111467.694514702,194.970431338996
2018-01-01,125794.075,233.504,183.400000000023,179.399999999994,131275.693,109685.204,FALSE,133143.984901343,182.193644073996,111670.940964183,203.246449480997
2018-02-01,125710.982,234.686,288.300000000017,262.300000000017,132138.391,110286.341,FALSE,133460.388072259,316.40317091599,111908.52198043,237.581016247001
2018-03-01,125961.08,241.09,87.3999999999942,86.4000000000233,132801.353,110875.4,FALSE,133614.872788468,154.484716209001,112047.426780329,138.904799898999
2018-04-01,126146.771,204.103,158.399999999965,162.399999999994,133599.38,111661.998,FALSE,133597.109847355,-17.7629411130038,112118.049582751,70.6228024220036
2018-05-01,126254.416,178.228,206.900000000023,201.899999999994,134706.377,112656.491,FALSE,133893.443372501,296.333525146008,112319.203715367,201.154132615993
2018-06-01,126449.658,177.187,189.200000000012,178.199999999997,135277.186,113562.487,FALSE,134243.766431518,350.323059016984,112603.689915939,284.486200572006
2018-07-01,126679.56,219.018,155.599999999977,168.60000000002,133182.093,113502.355,FALSE,134274.726017152,30.959585634002,112716.015090824,112.325174885002
2018-08-01,126838.205,162.782,191.600000000035,194.600000000006,134190.251,113830.398,FALSE,134580.279099506,305.553082354018,112936.981982695,220.966891870994
2018-09-01,127067.198,229.615,119,106,134835.61,113117.882,FALSE,134624.689630124,44.4105306179845,113022.555996211,85.5740135160013
2018-10-01,127276.192,227.411,231.100000000006,227.099999999991,135661.597,113677.688,FALSE,134795.119234347,170.429604222998,113177.255203094,154.699206883
2018-11-01,127444.176,178.937,136.099999999977,142.099999999991,136360.828,114242.409,FALSE,134979.385540197,184.266305850004,113346.444930602,169.189727507997
2018-12-01,127707.179,271.33,294.700000000012,283.699999999997,136188.642,114159.756,FALSE,135016.650295787,37.2647555900039,113436.494166373,90.0492357710027
2019-01-01,127902.465,212.908,269.5,261.499999999971,133555.126,111836.964,FALSE,135408.825065473,392.174769686011,113746.857232011,310.363065637997
2019-02-01,128293.977,183.017,11.899999999936,16.8999999999796,134123.77,112154.877,FALSE,135405.898242788,-2.9268226849963,113749.736093953,2.87886194200837
2019-03-01,128399.846,128.644,172.400000000023,158.400000000009,134678.711,112618.694,FALSE,135467.891700273,61.9934574849904,113818.129860473,68.3937665199919
2019-04-01,128720.753,274.976,241.199999999953,214.200000000012,135579.354,113488.795,FALSE,135568.32268065,100.430980376987,113871.173351199,53.043490726006
2019-05-01,128750.538,27.369,66.5,81.5,136548.794,114338.186,FALSE,135759.639032378,191.316351728019,114005.998786871,134.825435671999
2019-06-01,128850.1,102.199,203.200000000041,170.200000000012,136903.028,115077.017,FALSE,135918.172473571,158.533441192994,114176.771242625,170.772455753991
2019-07-01,129020.031,155.632,149.799999999988,133.800000000003,134928.051,115086.675,FALSE,135996.457330243,78.2848566719913,114289.751334718,112.980092093014
2019-08-01,129196.854,195.397,110.399999999965,76.4000000000087,135945.886,115360.272,FALSE,136332.246778214,335.789447971009,114472.277087356,182.525752637986
2019-09-01,129294.134,134.934,133.5,111.5,136480.454,114572.705,FALSE,136330.991424391,-1.25535382301314,114517.121084956,44.8439976000082
2019-10-01,129380.105,125.037,122.000000000029,125,137256.673,115050.433,FALSE,136414.932573397,83.9411490060156,114642.225216741,125.104131785003
2019-11-01,129474.689,66.89,246.299999999988,234.300000000003,138073.773,115756.791,FALSE,136697.71389789,282.781324493,114842.583254053,200.358037311991
2019-12-01,129763.162,201.656,130.5,124.499999999985,137869.604,115645.632,FALSE,136701.115121609,3.40122371900361,114844.499630061,1.91637600799731
2020-01-01,130049.046,290.911,208.800000000017,189.800000000017,135317.727,113323.326,TRUE,137185.262903943,484.147782333981,115321.070663443,476.571033382003
2020-02-01,129476.53,182.85,255.200000000012,210.200000000012,135857.017,113648.443,TRUE,137092.086911571,-93.1759923719801,115204.779235516,-116.29142792699
2020-03-01,129443.017,-26.594,-697.900000000023,-709.900000000009,135103.055,112838.517,TRUE,135833.89087785,-1258.196033721,113927.79411945,-1276.985116066
2020-04-01,109052.774,-20236.067,-20043.9,-19063.9,115878.434,94448.33,TRUE,115823.600454299,-20010.290423551,94739.9796702294,-19187.8144492206
2020-05-01,106818.423,-2760.355,2521.39999999997,3106.39999999998,119206.05,98143.108,TRUE,118509.256957235,2685.65650293601,97856.5960248436,3116.61635461421
2020-06-01,115159.91,2368.582,4738.99999999999,4706,123361.285,102715.471,TRUE,122488.747717771,3979.49076053599,101912.017118784,4055.4210939404
2020-07-01,117548.093,167.039,1708.30000000003,1407.3,123340.221,104315.539,TRUE,124229.788862685,1741.04114491401,103547.883430685,1635.866311901
2020-08-01,118193.415,428.357,1308.09999999999,964.100000000006,125357.616,105324.974,TRUE,125694.209324096,1464.42046141099,104576.787007738,1028.903577053
2020-09-01,118998.111,748.695,617.300000000003,833.300000000017,126982.088,105696.475,TRUE,126881.020076621,1186.81075252501,105680.085355866,1103.298348128
2020-10-01,119367.447,364.551,602.899999999994,870.899999999994,128963.75,107591.895,TRUE,128195.034494459,1314.014417838,107187.32719368,1507.241837814
2020-11-01,119715.296,307.277,229.60000000002,328.600000000006,129619.711,108241.966,TRUE,128391.252976359,196.218481899996,107450.457505917,263.130312237001
2020-12-01,119594.076,-123.03,-168.399999999994,-123.399999999994,129287.315,108021.086,TRUE,128281.816217199,-109.436759160002,107323.747548636,-126.709957280997
2021-01-01,119808.258,174.189,54.7000000000408,11.7000000000116,126876.424,105897.979,FALSE,128678.684524849,396.868307650002,107783.431656535,459.684107898996
2021-02-01,119795.906,117.108,380.799999999988,466.799999999988,127798.29,106668.134,FALSE,128971.13995573,292.455430881004,108128.495377934,345.063721398998
2021-03-01,120373.714,516.797,891.099999999977,755.10000000002,128935.747,107718.809,FALSE,129647.074483667,675.934527937003,108740.563211701,612.067833766996
2021-04-01,121167.752,742.208,255.200000000012,207.199999999997,130301.263,108957.67,FALSE,130246.222706516,599.148222848991,109223.103619155,482.540407453998
2021-05-01,122011.837,978.223,555.100000000006,488.099999999991,131477.765,110065.996,FALSE,130738.86165505,492.638948534004,109797.668469209,574.564850054012
2021-06-01,122578.881,691.538,832.099999999977,644.100000000006,132221.408,111112.188,FALSE,131323.101532157,584.239877106986,110376.509472553,578.841003344001
2021-07-01,122893.437,329.883,904.499999999971,664.499999999986,131719.163,112238.216,FALSE,132572.644277499,1249.54274534201,111191.467140508,814.957667954994
2021-08-01,123324.293,373.616,213.899999999994,221.900000000023,132475.685,112390.753,FALSE,132774.695602994,202.051325495006,111599.469274639,408.002134131006
2021-09-01,123853.888,568.102,209.299999999959,332.300000000003,133131.571,111791.554,FALSE,133004.62878671,229.933183715999,111972.107592051,372.638317411998
2021-10-01,124349.541,571.076,528.499999999971,601.5,135306.827,113785.293,FALSE,134448.587998263,1443.95921155301,113191.096128576,1218.98853652499
2021-11-01,124885.795,534.13,201.5,226.499999999985,136235.033,114633.309,FALSE,134943.116824363,494.528826099995,113715.835658118,524.739529541999
2021-12-01,125656.688,807.321,192.700000000012,204.699999999997,136484.937,114943.219,FALSE,135450.826730405,507.709906042001,114355.022837883,639.187179765009
2022-01-01,125315.817,-300.967,450.800000000018,427.799999999988,133806.137,112546.069,FALSE,135676.772518537,225.945788131998,114508.132253957,153.109416073989
2022-02-01,128548.387,474.559,645.600000000006,621.60000000002,135322.37,113882.667,FALSE,136507.302653511,830.530134973989,115310.176674665,802.044420708
2022-03-01,129016.925,455.104,416.5,411.499999999985,135910.839,114422.151,FALSE,136668.741210899,161.438557387999,115563.138193886,252.961519221004
2022-04-01,129402.574,247.211,391.799999999988,369.800000000003,137281.943,115715.638,FALSE,137244.866932237,576.125721338001,116019.899303908,456.761110021995
2022-05-01,129256.098,128.225,367.899999999965,310.900000000009,138115.663,116481.312,FALSE,137375.962269025,131.095336788014,116149.321149231,129.421845322999
2022-06-01,,,346.600000000006,355.599999999991,138451.712,117159.158,FALSE,137544.93463822,168.972369194991,116372.49031812,223.169168889013
2022-07-01,,,504.799999999988,447.800000000017,137515.312,117929.589,FALSE,138427.576641785,882.642003565008,116987.507344313,615.017026192989
2022-08-01,121571,132,289.600000000064,282.60000000002,138404.071,118099.722,FALSE,138711.066946041,283.490304256004,117283.236843788,295.729499475012
2022-09-01,121832,208,236,261,139219.652,117649.998,FALSE,139029.668584118,318.601638076972,117645.500534018,362.26369023
2022-10-01,122002,239,236.600000000035,208.599999999991,139905.231,118128.051,FALSE,139056.174011014,26.5054268960084,117596.757353028,-48.7431809900008
2022-11-01,122129,127,232.5,190.500000000015,140527.795,118597.169,FALSE,139220.575129326,164.401118312002,117775.128916397,178.371563369001
2022-12-01,122419,235,196.600000000006,193.600000000006,140346.207,118504.263,FALSE,139329.466599126,108.891469800001,117881.484234571,106.355318173999
2023-01-01,127035,106,495.899999999994,421.899999999994,138206.55,116557.745,FALSE,140066.430526702,736.963927575998,118465.749326433,584.265091861991
2023-02-01,127290,242,287.100000000035,241.10000000002,138944.716,117057.639,FALSE,140136.38162147,69.9510947680101,118537.897403839,72.1480774060037
2023-03-01,127454,145,217.099999999977,170.10000000002,139419.752,117442.933,FALSE,140172.938058836,36.5564373660018,118561.970573186,24.0731693470007
2023-04-01,127747,296,221.500000000029,198.499999999985,140185.198,118132.599,FALSE,140177.591498037,4.65343920100713,118532.800425937,-29.1701472489949
2023-05-01,128020,278,306.899999999994,250.900000000023,141175.452,118997.084,FALSE,140430.681174333,253.089676295989,118695.476941832,162.676515895
2023-06-01,128506,497,182.799999999988,122.799999999974,141847.784,119955.132,FALSE,140896.474976428,465.793802094995,118946.119249378,250.64230754599
2023-07-01,128788,324,156.100000000006,141.100000000006,139713.306,119628.2,FALSE,140694.340972847,-202.134003580984,118839.290729577,-106.828519800998
2023-08-01,128953,177,158.999999999971,150.999999999971,140581.07,119688.932,FALSE,140886.567812434,192.226839586976,118936.062752166,96.772022589008
2023-09-01,129045,89,329.5,256.499999999971,141450.389,119289.184,FALSE,141212.058664146,325.490851712006,119128.957092529,192.894340362996
2023-10-01,129158,113,126.400000000023,75.3999999999942,141992.335,119580.34,FALSE,141157.473220134,-54.5854440119874,119121.997127164,-6.95996536500752
2023-11-01,129254,103,161.399999999994,112.39999999998,142525.06,119990.538,FALSE,141224.615096791,67.1418766569987,119202.431955195,80.4348280310078
2023-12-01,129416,164,192.699999999983,140.699999999997,142507.586,120014.255,FALSE,141485.053426732,260.438329940982,119310.016361415,107.58440621999
2024-01-01,131342,107,322.000000000029,285.999999999985,139935.668,117639.606,FALSE,141795.787268783,310.733842051006,119579.689844487,269.673483072009
2024-02-01,131486,140,234.299999999988,182.300000000032,140606.692,118053.998,FALSE,141805.072027698,9.28475891501876,119576.350087544,-3.33975694300898
2024-03-01,131685,184,263.600000000006,192.600000000006,141253.676,118583.144,FALSE,141998.983262963,193.911235264997,119686.595417918,110.245330374004
2024-04-01,131922,192,152.200000000041,144.199999999997,141979.809,119280.926,FALSE,141980.134868209,-18.8483947540226,119660.071494801,-26.5239231169981
2024-05-01,132072,152,240.799999999988,197.800000000017,142887.002,120061.197,FALSE,142122.6298476,142.49497939102,119726.633860938,66.5623661370046
2024-06-01,132227,150,161.200000000012,91.2000000000116,143032.412,120614.886,FALSE,142079.524278422,-43.1055691780057,119668.311378871,-58.3224820670002
2024-07-01,132354,122,90.3999999999942,73.3999999999651,141040.687,120436.718,FALSE,142055.006998878,-24.5172795440012,119653.728663236,-14.5827156349987
2024-08-01,132442,99,129.199999999983,105.199999999968,142040.728,120563.853,FALSE,142337.728364955,282.721366076992,119748.38564004,94.6569768039917
2024-09-01,132589,143,233.999999999971,202.999999999985,142700.822,120059.349,FALSE,142442.091827491,104.363462536014,119917.317499034,168.931858994009
2024-10-01,132838,233,4.29999999998836,-35.6999999999971,143153.591,120255.168,FALSE,142326.844679611,-115.24714788,119843.747153052,-73.570345982007
2024-11-01,132935,146,199.799999999959,166.800000000003,143796.917,120761.442,FALSE,142480.198211124,153.353531512985,119914.024146261,70.2769932090014
2024-12-01,133057,122,231.300000000047,198.300000000003,143498.629,120612.881,FALSE,142471.077307043,-9.1209040810063,119898.870148796,-15.1539974649932
