date,ces_error,ces_abs_error,adp_error,adp_abs_error,ces_error_6m,ces_abs_error_6m,adp_error_6m,adp_abs_error_6m
2003-05-01,-75.7934700109763,75.7934700109763,,,,,,
2003-06-01,43.2484834290081,43.2484834290081,,,,,,
2003-07-01,13.6686366709764,13.6686366709764,,,,,,
2003-08-01,-199.421997619967,199.421997619967,,,,,,
2003-09-01,-102.854400606011,102.854400606011,,,,,,
2003-10-01,-142.469570957983,142.469570957983,,,-77.2703865158255,96.242759882487,,
2003-11-01,119.820134784983,119.820134784983,,,-44.6681190498324,103.580537344821,,
2003-12-01,-161.256116901015,161.256116901015,,,-78.7522191048362,123.248476256823,,
2004-01-01,-23.8700423900009,23.8700423900009,,,-85.0086656149991,124.948710543327,,
2004-02-01,-3.52217976098473,3.52217976098473,,,-52.3586959718353,92.2987409001629,,
2004-03-01,41.204381410018,41.204381410018,,,-28.3488989691638,82.0237377008307,,
2004-04-01,-30.3799315250217,30.3799315250217,,,-9.66729239700362,63.3421311286705,,
2004-05-01,165.59283069901,165.59283069901,,,-2.03850974466574,70.9709137810084,,
2004-06-01,-41.1844075219997,41.1844075219997,,,17.9734418185035,50.9589622178392,,
2004-07-01,-321.084061795002,321.084061795002,,,-31.56222808233,100.494632118673,,
2004-08-01,185.757737682026,185.757737682026,,,-0.0155751751614541,130.867225105513,,
2004-09-01,-48.3852036449826,48.3852036449826,,,-14.9471726843282,132.06402881134,,
2004-10-01,-86.2792834079737,86.2792834079737,,,-24.2637313314869,141.380587458499,,
2004-11-01,-31.1855875170149,31.1855875170149,,,-57.060134367491,118.9793802615,,
2004-12-01,-42.225206860996,42.225206860996,,,-57.2336009239904,119.152846817999,,
2005-01-01,102.054421652982,102.054421652982,,,13.2894796506735,82.6479067943292,,
2005-02-01,-3.77399396603869,3.77399396603869,,,-18.2991422906707,52.3172828416646,,
2005-03-01,42.713679870023,42.713679870023,,,-3.11599503816979,51.3720288791713,,
2005-04-01,-321.461614439002,321.461614439002,,,-42.3130502100078,90.5690840510094,,
2005-05-01,145.848584769046,145.848584769046,,,-12.8073548289976,109.679583593015,,
2005-06-01,68.7592471309909,68.7592471309909,,,5.69005416966684,114.101923638014,,
2005-07-01,-295.076809054997,295.076809054997,,,-60.498484281663,146.27232153835,,
2005-08-01,54.2429763439868,54.2429763439868,,,-50.8289892299921,154.683818601341,,
2005-09-01,-280.157333263996,280.157333263996,,,-104.640824752329,194.25776083367,,
2005-10-01,161.540723302009,161.540723302009,,,-24.1404351288268,167.604278977504,,
2005-11-01,-88.9433141180052,88.9433141180052,,,-63.2724182766688,158.120067202331,,
2005-12-01,-86.9515096149844,86.9515096149844,,,-89.2242110676646,161.152110949663,,
2006-01-01,-197.29267398901,197.29267398901,,,-72.9268552233334,144.854755105332,,
2006-02-01,-24.6607859800424,24.6607859800424,,,-86.0774822773383,139.924390044675,,
2006-03-01,-55.175486039996,55.175486039996,,,-48.5805077400049,102.427415507341,,
2006-04-01,141.963577236995,141.963577236995,,,-51.8433654175072,99.1645578298388,,
2006-05-01,-58.9544817749702,58.9544817749702,,,-46.845226693668,94.1664191059996,,
2006-06-01,-187.672573901044,187.672573901044,,,-63.6320707413446,110.953263153676,,
2006-07-01,202.162253219023,202.162253219023,,,2.94375045999429,111.764859692012,,
2006-08-01,-60.7614435610158,60.7614435610158,,,-3.07302580350127,117.781635955507,,
2006-09-01,-212.054559468001,212.054559468001,,,-29.219538041502,143.928148193508,,
2006-10-01,170.605488911984,170.605488911984,,,-24.4458860956705,148.70180013934,,
2006-11-01,-89.1592292949645,89.1592292949645,,,-29.4800106823362,153.735924726005,,
2006-12-01,-113.621556826998,113.621556826998,,,-17.1381745033286,141.394088546998,,
2007-01-01,-40.11610431601,40.11610431601,,,-57.5179007591675,114.386397063162,,
2007-02-01,-17.2590924200049,17.2590924200049,,,-50.2675089023324,107.136005206327,,
2007-03-01,-115.594608583982,115.594608583982,,,-34.1908504216626,91.0593467256573,,
2007-04-01,300.787028496998,300.787028496998,,,-12.4939271574937,112.756269989826,,
2007-05-01,-44.6404598489753,44.6404598489753,,,-5.07413224982884,105.336475082161,,
2007-06-01,-135.319423574998,135.319423574998,,,-8.69044337449547,108.952786206828,,
2007-07-01,155.725910410984,155.725910410984,,,23.9498924133368,128.221087222657,,
2007-08-01,-119.241516159993,119.241516159993,,,6.95282179000545,145.218157845988,,
2007-09-01,163.345814791988,163.345814791988,,,53.4428923526672,153.176692213989,,
2007-10-01,148.630392762992,148.630392762992,,,28.0834530636663,127.817252924988,,
2007-11-01,-96.499202202016,96.499202202016,,,19.4403293381595,136.460376650495,,
2007-12-01,-44.36300751401,44.36300751401,,,34.5997320149909,121.300973973664,,
2008-01-01,-77.8636563900072,77.8636563900072,,,-4.33186245184091,108.323931636834,,
2008-02-01,-144.52935354998,144.52935354998,,,-8.54650201683884,112.538571201832,,
2008-03-01,139.074096710989,139.074096710989,,,-12.5917883636721,108.493284854999,,
2008-04-01,207.895385297001,207.895385297001,,,-2.71428960800404,118.370783610667,,
2008-05-01,29.1002782849973,29.1002782849973,,,18.2189571398315,107.137629624497,,
2008-06-01,159.978047824989,159.978047824989,,,52.2757996963313,126.406803009661,,
2008-07-01,141.246368929045,141.246368929045,,,88.7941372495067,136.970588432834,,
2008-08-01,36.9492751040089,36.9492751040089,,,119.040575358505,119.040575358505,,
2008-09-01,243.07992846299,243.07992846299,,,136.374880650505,136.374880650505,,
2008-10-01,223.041244409993,223.041244409993,,,138.899190502671,138.899190502671,,
2008-11-01,195.120053816994,195.120053816994,,,166.569153091337,166.569153091337,,
2008-12-01,99.0384740560112,99.0384740560112,,,156.412557463174,156.412557463174,,
2009-01-01,409.734701267982,409.734701267982,,,201.160612852997,201.160612852997,,
2009-02-01,122.539695501997,122.539695501997,,,215.425682919328,215.425682919328,,
2009-03-01,189.959854311019,189.959854311019,,,206.572337227333,206.572337227333,,
2009-04-01,199.955747539992,199.955747539992,,,202.724754415666,202.724754415666,,
2009-05-01,84.9558633829875,84.9558633829875,,,184.364056009998,184.364056009998,,
2009-06-01,30.3329714350257,30.3329714350257,,,172.913138906501,172.913138906501,,
2009-07-01,172.174435754001,172.174435754001,,,133.319761320837,133.319761320837,,
2009-08-01,133.915852851016,133.915852851016,,,135.215787545674,135.215787545674,,
2009-09-01,-233.198311245025,233.198311245025,,,64.6894266196662,142.422197034675,,
2009-10-01,-160.018237554992,160.018237554992,,,4.69376243716882,135.765945370508,,
2009-11-01,133.846359613017,133.846359613017,,,12.8421784755071,143.914361408846,,
2009-12-01,18.0161020530068,18.0161020530068,,,10.7893669118372,141.861549845176,,
2010-01-01,-6.82913814400672,6.82913814400672,,,-19.0445620711641,114.304000243511,,
2010-02-01,122.032261619985,122.032261619985,,,-21.0251606096693,112.323401705005,,
2010-03-01,-78.0063492509944,78.0063492509944,,,4.84016638933584,86.4580747060002,,
2010-04-01,-200.670627687985,200.670627687985,,,-1.93523196616297,93.2334730614991,,
2010-05-01,99.3561521749944,99.3561521749944,,,-7.68359987250005,87.485105155162,,
2010-06-01,-41.664028025989,41.664028025989,,,-17.6302882189993,91.426426150659,,
2010-07-01,-100.093278422006,100.093278422006,,,-33.1743115986659,106.970449530326,,
2010-08-01,106.352919554003,106.352919554003,,,-35.7875352763294,104.357225852662,,
2010-09-01,-159.630455461011,159.630455461011,,,-49.3915529779988,117.961243554331,,
2010-10-01,-263.777440622027,263.777440622027,,,-59.9093551336725,128.479045710005,,
2010-11-01,27.2211665620125,27.2211665620125,,,-71.9318527358361,116.456548107841,,
2010-12-01,18.2582180859899,18.2582180859899,,,-61.944811717173,112.555579784508,,
2011-01-01,-44.2818710660067,44.2818710660067,101.618128934002,101.618128934002,-52.6429104911731,103.253678558508,,
2011-02-01,-9.31513000598352,9.31513000598352,27.2848699940078,27.2848699940078,-71.9209187511709,87.0807136338384,,
2011-03-01,25.7468234469998,25.7468234469998,21.6468234469939,21.6468234469939,-41.0247055998358,64.7667749648366,,
2011-04-01,-198.021857122003,198.021857122003,-245.521857122003,245.521857122003,-30.0654416831652,53.8075110481659,,
2011-05-01,212.904768654014,212.904768654014,206.904768654,206.904768654,0.88182533216847,84.7547780634996,,
2011-06-01,-75.0998701179924,75.0998701179924,51.9001298820076,51.9001298820076,-14.6778560351619,94.2283867354999,27.305477298168,109.146096338836
2011-07-01,-126.962540801003,126.962540801003,-122.762540801006,122.762540801006,-28.4579676576614,108.008498357999,-10.091300991,112.670164983336
2011-08-01,-76.731126432991,76.731126432991,34.0688735669974,34.0688735669974,-39.6939670621626,119.244497762501,-8.96063372883509,113.800832245501
2011-09-01,-319.937030056011,319.937030056011,-332.937030055997,332.937030055997,-97.3079426459978,168.276198864003,-68.0579426460002,165.682533347002
2011-10-01,135.432337560007,135.432337560007,175.332337560001,175.332337560001,-41.7322435323295,157.844612270337,2.08442313433382,153.984280086668
2011-11-01,-20.5466190370062,20.5466190370062,78.2533809629967,78.2533809629967,-80.6408081474995,125.784920667502,-19.3574748141667,132.542382138168
2011-12-01,42.7682010510034,42.7682010510034,184.568201051006,184.568201051006,-60.9961296193336,120.396309156337,2.75387038066644,154.653727333001
2012-01-01,-85.1357975919964,85.1357975919964,-134.335797591993,134.335797591993,-54.0250057511657,113.425185288169,0.824994248835234,156.582603464832
2012-02-01,-27.583573395983,27.583573395983,-20.1835733960033,20.1835733960033,-45.8337469116644,105.233926448668,-8.21708024499822,154.268386769666
2012-03-01,-229.525312290018,229.525312290018,-127.625312290009,127.625312290009,-30.7651272839988,90.1653068210023,26.0015393826664,120.049767142002
2012-04-01,111.589944384032,111.589944384032,125.389944384006,125.389944384006,-34.7388594799947,86.1915746250064,17.6778071866672,111.726034946002
2012-05-01,-119.051306810987,119.051306810987,-42.9513068109955,42.9513068109955,-51.1563074423248,102.609022587336,-2.52297410899822,105.842355920669
2012-06-01,-150.241668909002,150.241668909002,-48.9416689089994,48.9416689089994,-83.3246191023257,120.521267230336,-41.4412857689992,83.237933897001
2012-07-01,254.679544530984,254.679544530984,262.379544530995,262.379544530995,-26.6887287484957,148.778558386834,24.6779379181656,104.578558386835
2012-08-01,-243.789307691011,243.789307691011,-134.489307690994,134.489307690994,-62.7230177976671,184.812847436006,5.62698220233385,123.629514102666
2012-09-01,-85.2872307130019,85.2872307130019,-12.1872307130106,12.1872307130106,-38.6833375348312,160.77316717317,24.8666624651669,104.389833839833
2012-10-01,-27.7536172119726,27.7536172119726,-34.053617211993,34.053617211993,-61.9072644674986,146.800445977826,-1.70726446749953,89.1671126444979
2012-11-01,-74.7357706909534,74.7357706909534,-91.414770690997,91.414770690997,-54.5213417808263,139.414523291154,-9.78450844749979,97.2443566244982
2012-12-01,-31.4818551299977,31.4818551299977,47.8181448699907,47.8181448699907,-34.7280394843256,119.621220994653,6.34212718233189,97.0571026179967
2013-01-01,-331.316368271975,331.316368271975,-286.31636827199,286.31636827199,-132.394024951485,132.394024951485,-85.1071916181656,101.046573241496
2013-02-01,-131.132623749014,131.132623749014,-154.632623749014,154.632623749014,-113.617910961152,113.617910961152,-88.4644109611689,104.403792584499
2013-03-01,-63.9631887250143,63.9631887250143,8.63681127500604,8.63681127500604,-110.063903963154,110.063903963154,-84.9937372964995,103.812056011498
2013-04-01,86.3813952500204,86.3813952500204,38.6153952499942,38.6153952499942,-91.0414018861557,119.835200302829,-72.8822352195016,104.572352351165
2013-05-01,-76.3407329050242,76.3407329050242,-111.820732904998,111.820732904998,-91.3088955885008,120.102694005174,-76.2832289218351,107.973346053499
2013-06-01,35.1176664789964,35.1176664789964,41.7236664789993,41.7236664789993,-80.2089753203351,120.708662563341,-77.2989753203337,106.957599655
2013-07-01,-2.7144861320121,2.7144861320121,34.9865138680025,34.9865138680025,-25.4419949636746,65.9416822066802,-23.7484949636683,65.069290587669
2013-08-01,-186.096636747985,186.096636747985,-183.593636747994,183.593636747994,-34.6026637968365,75.1023510398421,-28.5753304634983,69.896126087499
2013-09-01,1.4716499930073,1.4716499930073,23.0236499929927,23.0236499929927,-23.6968573438329,64.6870945845076,-26.1775240105005,72.2939325404968
2013-10-01,44.7072233919753,44.7072233919753,-16.5677766079927,16.5677766079927,-30.6425526535071,57.7413992748334,-35.374719320165,68.6193294334965
2013-11-01,-147.33162685603,147.33162685603,-121.884626856004,121.884626856004,-42.4743683120081,69.5732149333344,-37.052034978666,70.2966450919975
2013-12-01,-10.140807623,10.140807623,151.451192376994,151.451192376994,-50.0174473290075,65.4104051240017,-18.7641139956668,88.5845660749967
2014-01-01,38.1983161349635,38.1983161349635,100.292316135004,100.292316135004,-43.1986469511782,71.3243767911602,-7.87981361783321,99.4688664528303
2014-02-01,74.5903678879986,74.5903678879986,47.7913678880073,47.7913678880073,0.249187154819083,52.7399986478292,30.6843538215003,76.8351549761659
2014-03-01,-112.756290078032,112.756290078032,-101.625290078006,101.625290078006,-18.7888028570208,71.287438662,9.90953047633385,89.9354283236681
2014-04-01,-84.4507946629892,84.4507946629892,-138.389794662992,138.389794662992,-40.3151391995149,77.911367207169,-10.3941391994994,110.239097999501
2014-05-01,-138.97560801699,138.97560801699,-167.686608017002,167.686608017002,-38.9224693930082,76.5186974006623,-18.0278027263323,117.872761526334
2014-06-01,85.543707253004,85.543707253004,94.6057072529923,94.6057072529923,-22.9750502470076,89.0858473389963,-27.5020502469993,108.398514005667
2014-07-01,71.2560032740148,71.2560032740148,79.4180032740061,79.4180032740061,-17.4654357238323,94.5954618621715,-30.981102390499,104.919461862168
2014-08-01,-246.936842914016,246.936842914016,-174.699842914007,174.699842914007,-71.0533041908348,123.319874366508,-68.0629708575014,126.070874366501
2014-09-01,47.0656601540104,47.0656601540104,30.8606601540017,30.8606601540017,-44.4163124854943,112.371436045837,-45.9819791521668,114.276769379167
2014-10-01,-83.6536256699765,83.6536256699765,-61.3406256699939,61.3406256699939,-44.2834509866589,112.238574547002,-33.1404509866671,101.435241213667
2014-11-01,71.6043833909644,71.6043833909644,-16.9776166090007,16.9776166090007,-9.1867857519998,101.010037109331,-8.02228575200029,76.3170759790003
2014-12-01,-96.6283529970097,96.6283529970097,-92.1513529970096,92.1513529970096,-39.5487957936687,102.857478066665,-39.148462460334,75.9080169363365
2015-01-01,132.557353871991,132.557353871991,114.716353872,114.716353872,-29.3319040273394,113.074369832995,-33.265404027335,81.7910753693355
2015-02-01,200.374783199979,200.374783199979,139.850783200005,139.850783200005,45.2200336583264,105.314026547322,19.1597003250004,75.9828987503351
2015-03-01,22.0539071969833,22.0539071969833,99.3859071970037,99.3859071970037,41.0514081654886,101.145401054484,30.5805748321674,87.4037732575022
2015-04-01,-124.267831063044,124.267831063044,-157.867831063006,157.867831063006,34.2823739333107,107.914435286662,14.4927072666654,103.491640823004
2015-05-01,-97.0906532029912,97.0906532029912,-157.390653202994,157.390653202994,6.16653450098481,112.162146922,-8.90946549900016,126.89381358867
2015-06-01,26.8844438599626,26.8844438599626,64.7374438599976,64.7374438599976,26.7520006438135,100.538162065825,17.238667310501,122.324828732501
2015-07-01,-165.667557234992,165.667557234992,-161.788557235007,161.788557235007,-22.9521512073504,106.056529292992,-28.8454845406667,130.170195959669
2015-08-01,78.2741653540143,78.2741653540143,122.340165354003,122.340165354003,-43.3022541816778,85.7064263186646,-31.7639208483338,127.251759652002
2015-09-01,-64.0093915629841,64.0093915629841,13.1196084370072,13.1196084370072,-57.646137308339,92.6990070463314,-46.1416373083332,112.874043192002
2015-10-01,-140.008549372986,140.008549372986,-205.771549372997,205.771549372997,-60.2695903599961,95.3224600979884,-54.1255903599985,120.857996243668
2015-11-01,107.127732197958,107.127732197958,139.505732197987,139.505732197987,-26.2331927931712,96.9953065971495,-4.642859459835,117.877176076166
2015-12-01,-0.0721614340291126,0.0721614340291126,-9.82616143399707,9.82616143399707,-30.7259603421699,92.5265928594939,-17.0701270088341,108.725295671833
2016-01-01,31.2197116639873,31.2197116639873,121.865711664005,121.865711664005,2.08858447432673,70.1186185976597,30.2055844743345,102.071488076666
2016-02-01,92.8183101679751,92.8183101679751,82.7723101680013,82.7723101680013,4.51260860998688,72.5426427333199,23.6109419433343,95.4768455456658
2016-03-01,81.1802437639854,81.1802437639854,82.5362437640028,82.5362437640028,28.7108811644818,75.4044514334867,35.1803811645002,107.046284766832
2016-04-01,-300.934236185029,300.934236185029,-278.480236185011,278.480236185011,1.88993336247465,102.225399235494,23.0622666958313,119.164399235501
2016-05-01,144.715212948053,144.715212948053,302.597212948006,302.597212948006,8.15451348749048,108.48997936051,50.2441801541678,146.346312693837
2016-06-01,242.914635641981,242.914635641981,156.362635641998,156.362635641998,48.6523130001588,148.963725061835,77.942313000167,170.769058395171
2016-07-01,-235.084303332013,235.084303332013,-288.214303331995,288.214303331995,4.26831050082546,182.941157006506,9.59564383416704,198.493823673169
2016-08-01,52.5895548530243,52.5895548530243,106.027554852995,106.027554852995,-2.43648205166634,176.236364454014,13.4715179483327,202.369697787335
2016-09-01,-249.545934844005,249.545934844005,-232.929934844,232.929934844,-57.5575118196648,204.297312967351,-39.1061784863344,227.435312967334
2016-10-01,258.516396901003,258.516396901003,269.437396901003,269.437396901003,35.6842603613404,197.22767308668,52.2134270280013,225.928173086666
2016-11-01,35.1399479759857,35.1399479759857,83.2779479759974,83.2779479759974,17.4217161993292,178.965128924669,15.6602161993331,189.374962257998
2016-12-01,57.2117901029851,57.2117901029851,60.6077901030026,60.6077901030026,-13.52875805717,148.014654668169,-0.298924723832798,173.415821334832
2017-01-01,0.398202457959997,0.398202457959997,50.8742024579949,50.8742024579949,25.7183262411587,108.900304522494,56.2158262411655,133.859137855832
2017-02-01,19.2328175440198,19.2328175440198,96.7988175440023,96.7988175440023,20.1588700229913,103.340848304326,54.6777033563334,132.321014971
2017-03-01,-81.0536179599585,81.0536179599585,89.2263820400008,89.2263820400008,48.2409228369991,75.2587954903186,108.370422837,108.370422837
2017-04-01,136.33331622,136.33331622,124.18031622,124.18031622,27.877076056832,54.8949487101515,84.1609093901663,84.1609093901663
2017-05-01,-103.017145509017,103.017145509017,29.2598544910008,29.2598544910008,4.85089380933156,66.2078149656566,75.1578938093335,75.1578938093335
2017-06-01,-147.292787662998,147.292787662998,-189.779787662998,189.779787662998,-29.233202484999,81.2213145589922,33.4266308483334,96.6865600693328
2017-07-01,278.121537600004,278.121537600004,251.542537599986,251.542537599986,17.0540200386749,127.508537082666,66.8713533719986,130.131282592998
2017-08-01,-36.9793065300037,36.9793065300037,66.5506934700196,66.5506934700196,7.68533269300436,130.466285246997,61.8299993596681,125.089928580668
2017-09-01,-126.149099164992,126.149099164992,56.0759008349967,56.0759008349967,0.16941915883217,137.982198781169,56.3049191588341,119.564848379834
2017-10-01,29.3918862689752,29.3918862689752,6.31588626900432,6.31588626900432,-17.6541524996719,120.158627122665,36.6608475003349,99.9207767213343
2017-11-01,20.3657688210078,20.3657688210078,-10.480231178998,10.480231178998,2.90966655533218,106.383397674663,30.0374998886684,96.7908395026672
2017-12-01,-60.6802779510035,60.6802779510035,63.216722048979,63.216722048979,17.3450848406646,91.9479793893309,72.2035848406647,75.696995233664
2018-01-01,1.20635592602775,1.20635592602775,51.3103559260045,51.3103559260045,-28.8074454383313,45.7954491103349,38.8315545616677,42.324964954667
2018-02-01,-28.1031709159724,28.1031709159724,-81.7171709159899,81.7171709159899,-27.3280895026595,44.3160931746631,14.1202438306661,44.8527111956621
2018-03-01,-67.0847162090067,67.0847162090067,86.6052837909991,86.6052837909991,-17.484025676662,34.4720293486656,19.2084743233332,49.9409416883291
2018-04-01,176.162941112969,176.162941112969,221.865941113004,221.865941113004,6.97781679733695,58.9338718226645,55.1334834639997,85.8659508289957
2018-05-01,-89.4335251459852,89.4335251459852,-118.105525146008,118.105525146008,-11.3220655304952,70.4451645434941,37.195934469498,103.803499823497
2018-06-01,-161.123059016973,161.123059016973,-173.136059016984,173.136059016984,-28.0625290414901,87.1856280544889,-2.19619570816253,122.123389318165
2018-07-01,124.640414365975,124.640414365975,188.058414365998,188.058414365998,-7.49018596816556,107.757971127813,20.5951473651697,144.914732391497
2018-08-01,-113.953082353983,113.953082353983,-142.771082354018,142.771082354018,-21.7985045411673,122.066289700815,10.4194954588318,155.090384297835
2018-09-01,74.5894693820155,74.5894693820155,185.204469382016,185.204469382016,1.81385972400312,123.317081896317,26.8526930573345,171.523581896338
2018-10-01,60.6703957770078,60.6703957770078,56.981395777002,56.981395777002,-17.4348978319904,104.068324340323,-0.628064498665774,144.042824340338
2018-11-01,-48.1663058500271,48.1663058500271,-5.32930585000383,5.32930585000383,-10.5570279493307,97.1904544576634,18.1679720506683,125.246787791004
2018-12-01,257.435244410008,257.435244410008,234.065244409996,234.065244409996,59.2026892884993,113.242485356503,86.0348559551651,135.401652023172
2019-01-01,-122.674769686011,122.674769686011,-179.266769686011,179.266769686011,17.9834919465017,112.914877909842,24.8139919464968,133.936377909841
2019-02-01,14.8268226849323,14.8268226849323,185.943822684996,185.943822684996,39.4468094529875,96.3938346316669,79.5998094529992,141.131834631671
2019-03-01,110.406542515033,110.406542515033,66.6505425150097,66.6505425150097,45.4163216418237,102.363346820503,59.8408216418315,121.372846820503
2019-04-01,140.769019622967,140.769019622967,174.545019623013,174.545019623013,58.7660922828169,115.713117461496,79.4347589495001,140.966784128172
2019-05-01,-124.816351728019,124.816351728019,-163.947351728019,163.947351728019,45.9910846364849,128.488125107828,52.9984179698309,167.403125107841
2019-06-01,44.6665588070464,44.6665588070464,-56.3344411929944,56.3344411929944,10.5296370359914,93.0266775073348,4.59847036933247,137.781324571674
2019-07-01,71.5151433279971,71.5151433279971,77.3471433280087,77.3471433280087,42.8946225383261,84.5000731143325,47.3674558716691,120.794720178674
2019-08-01,-225.389447971043,225.389447971043,-140.392447971009,140.392447971009,2.8585774289968,119.593843995351,-7.02192257099835,113.202824393009
2019-09-01,134.755353823013,134.755353823013,136.189353823013,136.189353823013,6.9167126469935,123.651979213348,4.56787931366889,124.792626277676
2019-10-01,38.0588509940135,38.0588509940135,41.0958509939844,41.0958509939844,-10.2016487911654,106.533617775189,-17.6736487911693,102.551098172838
2019-11-01,-36.4813244930119,36.4813244930119,-215.891324493,215.891324493,4.52085574800246,91.8111132360209,-26.3309775853328,111.208426967002
2019-12-01,127.098776280996,127.098776280996,198.254776280996,198.254776280996,18.2595586603275,105.549816148346,16.1005586603323,134.861816148335
2020-01-01,-275.347782333964,275.347782333964,-193.236782333981,193.236782333981,-39.5509289499993,139.52192264934,-28.9967622833326,154.176755982664
2020-02-01,348.375992371992,348.375992371992,276.02599237198,276.02599237198,56.0766444405066,160.019680049498,40.4063111071655,176.782346716159
2020-03-01,560.296033720981,560.296033720981,1231.602033721,1231.602033721,127.000091090168,230.94312669916,222.975091090164,359.351126699158
2020-04-01,-33.6095764490019,33.6095764490019,-225.776576448992,225.776576448992,115.055353182999,230.201580941658,178.496353183001,390.131247608326
2020-05-01,-164.256502936041,164.256502936041,-5446.01150293601,5446.01150293601,93.7594901091604,251.497444015496,-693.190343224167,1261.81794401549
2020-06-01,759.509239463994,759.509239463994,-1610.90876053599,1610.90876053599,199.161233972993,356.899187879329,-994.717599360331,1497.26027472466
2020-07-01,-32.7411449139763,32.7411449139763,-1574.00214491401,1574.00214491401,239.595673542991,316.464748309331,-1224.84515979034,1727.38783515466
2020-08-01,-156.320461411,156.320461411,-1036.06346141099,1036.06346141099,155.479597912493,284.455493149166,-1443.52673542083,1854.06074666117
2020-09-01,-569.510752525006,569.510752525006,-438.115752525009,438.115752525009,-32.8215331285052,285.991279616503,-1721.8130331285,1721.8130331285
2020-10-01,-711.114417838006,711.114417838006,-949.463417838,949.463417838,-145.739006693339,398.908753181337,-1842.42750669333,1842.42750669333
2020-11-01,33.3815181000246,33.3815181000246,111.058518100004,111.058518100004,-112.799336520662,377.096255708668,-916.249169853999,953.268675887334
2020-12-01,-58.9632408399921,58.9632408399921,-13.5932408399979,13.5932408399979,-249.211416571326,260.338589271334,-650.029916571334,687.049422604668
2021-01-01,-342.168307649961,342.168307649961,-222.679307650002,222.679307650002,-300.782610360657,311.909783060665,-424.809443693999,461.828949727334
2021-02-01,88.3445691189845,88.3445691189845,-175.347430881004,175.347430881004,-260.005105272326,300.580467678662,-281.356771939001,318.376277972336
2021-03-01,215.165472062974,215.165472062974,-159.137527937003,159.137527937003,-129.225734507663,241.52292093499,-234.860401174334,271.879907207668
2021-04-01,-343.94822284898,343.94822284898,143.059777151009,143.059777151009,-68.0313686761583,180.328555103486,-52.7732020094989,137.479300426503
2021-05-01,62.4610514660017,62.4610514660017,485.584051465996,485.584051465996,-63.1847797818288,185.175143997816,9.64772021816635,199.900222654169
2021-06-01,247.860122892991,247.860122892991,107.298122893014,107.298122893014,-12.0475524929983,216.657957673315,29.7962808403351,215.517702996338
2021-07-01,-345.042745342042,345.042745342042,-919.659745342013,919.659745342013,-12.5266254416783,217.137030621995,-86.3671254416667,331.68110927834
2021-08-01,11.8486745049886,11.8486745049886,171.564674504994,171.564674504994,-25.2759412106777,204.387714852996,-28.548441210667,331.050649882338
2021-09-01,-20.6331837160396,20.6331837160396,338.168816284001,338.168816284001,-64.5757171738466,171.965666795174,54.3359494928336,360.889197940171
2021-10-01,-915.45921155304,915.45921155304,-872.88321155301,872.88321155301,-159.827548624523,267.21749824585,-114.987881957836,482.526437007171
2021-11-01,-293.028826099995,293.028826099995,39.6011739000049,39.6011739000049,-219.075861552189,305.645460684849,-189.318361552168,408.19595741284
2021-12-01,-315.009906041989,315.009906041989,299.611093958,299.611093958,-312.887533041353,316.837091209682,-157.266199708004,440.248119257004
2022-01-01,224.85421186802,224.85421186802,-526.912788131998,526.912788131998,-217.904706839676,296.805668964012,-91.8083735063347,374.790293055335
2022-02-01,-184.930134973984,184.930134973984,-355.971134973989,355.971134973989,-250.701175086171,325.652579042178,-179.731008419499,405.5247031335
2022-03-01,255.061442612001,255.061442612001,293.665442612001,293.665442612001,-204.752070698164,364.723955524838,-187.148237364832,398.107474188167
2022-04-01,-184.325721338013,184.325721338013,-328.914721338001,328.914721338001,-82.89648899566,242.868373822334,-96.4868223289972,307.446059152332
2022-05-01,236.804663211951,236.804663211951,-2.87033678801382,2.87033678801382,5.40909255633111,233.49768000766,-103.565407443667,301.324252967
2022-06-01,177.627630805015,177.627630805015,,,87.5153486974984,210.600634134831,,
2022-07-01,-377.84200356502,377.84200356502,,,-12.9340205413416,236.098599417664,,
2022-08-01,6.10969574406045,6.10969574406045,-151.490304256004,151.490304256004,18.9059512449991,206.295192879343,,
2022-09-01,-82.6016380769725,82.6016380769725,-110.601638076972,110.601638076972,-37.3712288698298,177.551892123505,,
2022-10-01,210.094573104027,210.094573104027,212.494573103992,212.494573103992,28.3654868705101,181.846700751174,,
2022-11-01,68.0988816879981,68.0988816879981,-37.4011183120019,37.4011183120019,0.247856616517917,153.729070497182,,
2022-12-01,87.7085302000051,87.7085302000051,126.108530199999,126.108530199999,-14.7386601509837,138.74255372968,,
2023-01-01,-241.063927576004,241.063927576004,-630.963927575998,630.963927575998,8.05768584718559,115.946207731511,-98.6423141528309,211.510015254161
2023-02-01,217.148905232025,217.148905232025,172.04890523199,172.04890523199,43.230887428513,151.119409312839,-44.7191125714987,214.936448750159
2023-03-01,180.543562633975,180.543562633975,108.443562633998,108.443562633998,87.0884208803376,167.443063405672,-8.21157911967021,214.576769509663
2023-04-01,216.846560799022,216.846560799022,291.346560798993,291.346560798993,88.2137521628368,168.568394688171,4.93041882949668,227.71876745883
2023-05-01,53.810323704005,53.810323704005,24.9103237040108,24.9103237040108,85.8323258321713,166.186968357506,15.3156591654988,225.636968357498
2023-06-01,-282.993802095007,282.993802095007,31.206197905005,31.206197905005,24.0486037830027,198.73451367334,-0.501396217000244,209.819912974999
2023-07-01,358.23400358099,358.23400358099,526.134003580985,526.134003580985,123.931592309168,218.262859674171,192.34825897583,192.34825897583
2023-08-01,-33.2268395870051,33.2268395870051,-15.226839586976,15.226839586976,82.2023015059967,187.609182066667,161.135634839336,166.211248034995
2023-09-01,4.00914828799432,4.00914828799432,-236.490851712006,236.490851712006,52.779899115,158.186779675671,103.646565781669,187.552462881329
2023-10-01,180.985444012011,180.985444012011,167.585444011987,167.585444011987,46.8030463171648,152.209926877835,83.0197129838343,166.925610083495
2023-11-01,94.2581233429955,94.2581233429955,35.8581233430014,35.8581233430014,53.5443462569965,158.951226817667,84.8443462569994,168.75024335666
2023-12-01,-67.7383299409994,67.7383299409994,-96.4383299409819,96.4383299409819,89.4202582826644,123.075314791999,63.5702582826683,179.622265362656
2024-01-01,11.2661579490232,11.2661579490232,-203.733842051006,203.733842051006,31.5922840106699,65.2473405200047,-58.0743826559968,125.88890510766
2024-02-01,225.01524108497,225.01524108497,130.715241084981,130.715241084981,74.6326307893323,97.2120741029988,-33.7507025440039,145.136972023994
2024-03-01,69.6887647350086,69.6887647350086,-9.91123526499723,9.91123526499723,85.5792335305014,108.158676844168,4.01256686383082,107.373702616159
2024-04-01,171.048394754063,171.048394754063,210.848394754023,210.848394754023,83.9230586541768,106.502501967843,11.22305865417,114.584194406498
2024-05-01,98.3050206089683,98.3050206089683,9.50502060897998,9.50502060897998,84.5975415318389,107.176984845505,6.83087486516646,110.192010617495
2024-06-01,204.305569178017,204.305569178017,193.105569178006,193.105569178006,129.938191385008,129.938191385008,55.0881913849977,126.303217156999
2024-07-01,114.917279543995,114.917279543995,146.517279544001,146.517279544001,147.213378317504,147.213378317504,113.463378317499,116.767123405831
2024-08-01,-153.52136607701,153.52136607701,-183.721366076992,183.721366076992,84.1239437905072,135.297732482844,61.0572771238367,125.601477571166
2024-09-01,129.636537463957,129.636537463957,38.6365374639863,38.6365374639863,94.115239245332,145.289027937669,69.1485725786673,130.389027937665
2024-10-01,119.547147879988,119.547147879988,348.24714788,348.24714788,85.5316980996528,136.705486791989,92.0483647663302,153.288820125328
2024-11-01,46.4464684869745,46.4464684869745,-7.35353151298477,7.35353151298477,76.8886060793205,128.062394771657,89.238606079336,152.930238609328
2024-12-01,240.420904081053,240.420904081053,131.120904081006,131.120904081006,82.9078285631598,134.081617255496,78.9078285631695,142.599461093162
